WINTER,Date,STA2
1956,1955-12-05,12
1956,1955-12-19,17
1956,1956-01-03,27
1956,1956-01-09,27
1956,1956-01-30,15
1956,1956-02-06,22
1956,1956-02-13,34
1956,1956-02-20,41
1956,1956-02-27,43
1956,1956-03-06,57
1956,1956-03-12,77
1956,1956-03-19,88
1956,1956-04-03,93
1956,1956-04-09,69
1956,1956-04-16,37
1956,1956-04-23,0
1956,1956-04-30,NA
1957,1956-12-31,NA
1957,1957-01-07,24
1957,1957-01-16,33
1957,1957-01-21,NA
1957,1957-01-28,31
1957,1957-02-04,NA
1957,1957-02-11,43
1957,1957-02-18,NA
1957,1957-02-25,47
1957,1957-03-04,NA
1957,1957-03-11,48
1957,1957-03-18,25
1957,1957-03-26,14
1957,1957-04-01,2
1957,1957-04-08,0
1957,1957-04-15,0
1958,1957-12-02,11
1958,1957-12-16,12
1958,1958-01-06,11
1958,1958-01-20,31
1958,1958-02-03,56
1958,1958-02-10,NA
1958,1958-02-17,70
1958,1958-02-24,NA
1958,1958-03-03,86
1958,1958-03-10,NA
1958,1958-03-17,82
1958,1958-03-24,NA
1958,1958-03-31,NA
1958,1958-04-14,NA
1958,1958-04-21,0
1959,1958-12-09,28
1959,1958-12-22,27
1959,1959-01-07,38
1959,1959-01-20,51
1959,1959-01-26,51
1959,1959-02-02,57
1959,1959-02-16,71
1959,1959-02-25,74
1959,1959-03-10,85
1959,1959-03-16,90
1959,1959-03-23,86
1959,1959-03-30,83
1959,1959-04-13,20
1960,1960-01-04,24
1960,1960-01-18,30
1960,1960-01-25,37
1960,1960-02-02,48
1960,1960-02-08,NA
1960,1960-02-15,61
1960,1960-02-23,55
1960,1960-02-29,75
1960,1960-03-07,85
1960,1960-03-14,78
1960,1960-03-21,80
1960,1960-03-28,72
1960,1960-04-04,43
1960,1960-04-11,42
1960,1960-04-18,0
1961,1960-12-19,NA
1961,1961-01-03,32
1961,1961-01-23,37
1961,1961-02-13,NA
1961,1961-02-20,37
1961,1961-02-27,40
1961,1961-03-06,38
1961,1961-03-13,45
1961,1961-03-20,48
1961,1961-03-27,44
1961,1961-04-03,37
1961,1961-04-10,NA
1961,1961-04-17,13
1961,1961-04-24,0
1962,1961-12-28,NA
1962,1962-01-08,36
1962,1962-01-22,34
1962,1962-02-05,51
1962,1962-02-12,49
1962,1962-02-19,62
1962,1962-02-26,79
1962,1962-03-05,92
1962,1962-03-16,96
1962,1962-03-26,99
1962,1962-04-02,52
1962,1962-04-06,36
1963,1963-01-07,31
1963,1963-01-14,39
1963,1963-01-21,35
1963,1963-01-28,60
1963,1963-02-04,58
1963,1963-02-19,69
1963,1963-02-25,89
1963,1963-03-04,98
1963,1963-03-12,105
1963,1963-03-22,134
1963,1963-04-01,72
1963,1963-04-05,55
1963,1963-04-09,11
1963,1963-04-15,25
1963,1963-04-22,0
1964,1964-01-06,5
1964,1964-01-13,29
1964,1964-01-20,18
1964,1964-01-27,15
1964,1964-02-03,34
1964,1964-02-10,NA
1964,1964-02-17,NA
1964,1964-02-18,NA
1964,1964-02-24,48
1964,1964-03-02,55
1964,1964-03-09,44
1964,1964-03-16,53
1964,1964-03-23,40
1964,1964-03-30,58
1964,1964-04-06,57
1964,1964-04-13,24
1964,1964-04-20,0
1965,1964-12-07,NA
1965,1964-12-14,11
1965,1964-12-21,19
1965,1964-12-28,17
1965,1965-01-05,NA
1965,1965-01-11,17
1965,1965-01-18,NA
1965,1965-01-25,32
1965,1965-02-01,NA
1965,1965-02-09,NA
1965,1965-02-15,50
1965,1965-02-23,NA
1965,1965-03-01,48
1965,1965-03-08,48
1965,1965-03-15,50
1965,1965-03-22,53
1965,1965-03-29,NA
1965,1965-04-05,41
1965,1965-04-19,0
1965,1965-04-27,NA
1965,1965-05-03,NA
1966,1965-12-13,NA
1966,1965-12-14,NA
1966,1965-12-15,33
1966,1965-12-21,NA
1966,1965-12-27,NA
1966,1966-01-04,33
1966,1966-01-10,NA
1966,1966-01-13,NA
1966,1966-01-19,44
1966,1966-01-25,NA
1966,1966-01-26,NA
1966,1966-01-27,55
1966,1966-01-31,NA
1966,1966-02-01,NA
1966,1966-02-07,58
1966,1966-02-08,NA
1966,1966-02-21,NA
1966,1966-02-28,68
1966,1966-03-07,60
1966,1966-03-08,NA
1966,1966-03-14,72
1966,1966-03-15,NA
1966,1966-03-21,61
1966,1966-03-22,NA
1966,1966-03-24,59
1966,1966-03-28,52
1966,1966-04-04,52
1966,1966-04-05,NA
1966,1966-04-07,38
1966,1966-04-11,40
1966,1966-04-18,0
1966,1966-04-19,NA
1966,1966-04-21,NA
1966,1966-04-25,NA
1966,1966-04-28,NA
1966,1966-05-02,NA
1966,1966-05-06,NA
1966,1966-05-11,NA
1966,1966-05-16,NA
1966,1966-05-23,NA
1966,1966-05-31,NA
1967,1967-01-03,32
1967,1967-01-05,NA
1967,1967-01-09,36
1967,1967-01-10,NA
1967,1967-01-16,38
1967,1967-01-17,NA
1967,1967-01-24,31
1967,1967-01-25,NA
1967,1967-01-30,NA
1967,1967-01-31,34
1967,1967-02-06,NA
1967,1967-02-07,50
1967,1967-02-15,55
1967,1967-02-21,55
1967,1967-02-27,NA
1967,1967-02-28,NA
1967,1967-03-01,78
1967,1967-03-02,NA
1967,1967-03-08,92
1967,1967-03-13,77
1967,1967-03-16,NA
1967,1967-03-21,82
1967,1967-03-27,NA
1967,1967-03-30,51
1967,1967-03-31,NA
1967,1967-04-03,8
1967,1967-04-04,NA
1967,1967-04-10,NA
1967,1967-04-11,0
1967,1967-04-14,0
1967,1967-04-17,NA
1967,1967-04-20,11
1967,1967-04-21,NA
1967,1967-04-25,0
1967,1967-05-01,NA
1967,1967-05-09,NA
1967,1967-05-23,NA
1967,1967-05-28,NA
1967,1967-05-29,NA
1968,1967-12-06,17
1968,1967-12-11,26
1968,1967-12-18,23
1968,1967-12-19,NA
1968,1968-01-10,55
1968,1968-01-12,NA
1968,1968-01-22,58
1968,1968-01-23,NA
1968,1968-01-31,69
1968,1968-02-05,65
1968,1968-02-06,NA
1968,1968-02-12,73
1968,1968-02-13,NA
1968,1968-02-19,80
1968,1968-02-22,NA
1968,1968-02-26,75
1968,1968-02-27,NA
1968,1968-03-04,80
1968,1968-03-05,NA
1968,1968-03-11,79
1968,1968-03-12,NA
1968,1968-03-19,79
1968,1968-03-25,39
1968,1968-03-26,NA
1968,1968-04-02,NA
1968,1968-04-03,5
1968,1968-04-08,0
1968,1968-04-09,NA
1968,1968-04-17,NA
1969,1968-11-14,NA
1969,1968-11-21,NA
1969,1968-11-22,NA
1969,1968-11-26,NA
1969,1968-12-03,NA
1969,1968-12-18,34
1969,1968-12-19,NA
1969,1968-12-24,44
1969,1968-12-31,46
1969,1969-01-02,NA
1969,1969-01-03,NA
1969,1969-01-08,47
1969,1969-01-10,NA
1969,1969-01-14,60
1969,1969-01-15,NA
1969,1969-01-21,66
1969,1969-01-22,NA
1969,1969-01-28,85
1969,1969-02-04,86
1969,1969-02-05,NA
1969,1969-02-13,98
1969,1969-02-18,113
1969,1969-02-19,NA
1969,1969-03-04,131
1969,1969-03-05,NA
1969,1969-03-11,137
1969,1969-03-12,NA
1969,1969-03-18,144
1969,1969-03-19,NA
1969,1969-03-26,136
1969,1969-03-27,NA
1969,1969-04-01,140
1969,1969-04-03,NA
1969,1969-04-09,119
1969,1969-04-15,57
1969,1969-04-22,9
1969,1969-04-28,0
1969,1969-04-30,NA
1969,1969-05-05,NA
1969,1969-05-12,NA
1970,1969-12-23,21
1970,1969-12-24,NA
1970,1969-12-29,24
1970,1969-12-30,NA
1970,1970-01-12,NA
1970,1970-01-19,27
1970,1970-01-27,30
1970,1970-02-02,27
1970,1970-02-09,39
1970,1970-02-16,27
1970,1970-02-24,41
1970,1970-03-03,47
1970,1970-03-09,53
1970,1970-03-16,53
1970,1970-03-23,62
1970,1970-03-30,64
1970,1970-04-06,72
1970,1970-04-13,46
1970,1970-04-20,4
1970,1970-04-27,NA
1970,1970-05-04,NA
1971,1970-12-15,NA
1971,1970-12-16,24
1971,1970-12-21,32
1971,1970-12-22,NA
1971,1970-12-28,46
1971,1971-01-04,48
1971,1971-01-11,44
1971,1971-01-18,47
1971,1971-01-25,62
1971,1971-02-01,72
1971,1971-02-08,93
1971,1971-02-16,84
1971,1971-02-22,105
1971,1971-03-01,120
1971,1971-03-08,127
1971,1971-03-15,138
1971,1971-03-22,142
1971,1971-03-29,138
1971,1971-04-05,113
1971,1971-04-12,86
1971,1971-04-19,58
1971,1971-04-26,10
1971,1971-05-04,0
1971,1971-05-10,NA
1971,1971-05-18,NA
1972,1971-11-29,12
1972,1971-12-06,21
1972,1971-12-13,27
1972,1971-12-21,33
1972,1971-12-27,34
1972,1972-01-03,49
1972,1972-01-10,54
1972,1972-01-18,56
1972,1972-01-24,57
1972,1972-01-31,58
1972,1972-02-07,69
1972,1972-02-14,68
1972,1972-02-22,73
1972,1972-02-28,88
1972,1972-03-06,74
1972,1972-03-13,90
1972,1972-03-20,84
1972,1972-03-27,92
1972,1972-04-03,67
1972,1972-04-10,87
1972,1972-04-17,64
1972,1972-04-24,45
1972,1972-05-01,3
1972,1972-05-08,0
1972,1972-05-16,NA
1972,1972-05-22,NA
1973,1972-12-04,26
1973,1972-12-11,42
1973,1972-12-18,37
1973,1972-12-26,55
1973,1973-01-02,56
1973,1973-01-08,68
1973,1973-01-15,67
1973,1973-01-22,75
1973,1973-01-30,62
1973,1973-02-05,63
1973,1973-02-12,74
1973,1973-02-20,76
1973,1973-02-26,70
1973,1973-03-05,71
1973,1973-03-12,73
1973,1973-03-19,30
1973,1973-03-27,5
1973,1973-04-03,5
1973,1973-04-09,0
1973,1973-04-16,0
1973,1973-04-23,NA
1973,1973-04-30,NA
1974,1974-01-15,17
1974,1974-01-21,33
1974,1974-01-28,20
1974,1974-02-04,27
1974,1974-02-11,35
1974,1974-02-19,35
1974,1974-02-25,54
1974,1974-03-04,51
1974,1974-03-11,23
1974,1974-03-18,41
1974,1974-03-25,47
1974,1974-04-01,35
1974,1974-04-08,27
1974,1974-04-11,23
1974,1974-04-15,15
1974,1974-04-22,0
1974,1974-04-29,NA
1974,1974-05-06,NA
1974,1974-05-13,NA
1974,1974-05-20,NA
1974,1974-05-28,NA
1975,1974-12-23,12
1975,1974-12-30,27
1975,1975-01-06,21
1975,1975-01-13,25
1975,1975-01-20,33
1975,1975-01-27,46
1975,1975-02-03,46
1975,1975-02-10,56
1975,1975-02-18,65
1975,1975-03-03,65
1975,1975-03-10,86
1975,1975-03-17,85
1975,1975-03-24,70
1975,1975-03-31,65
1975,1975-04-07,79
1975,1975-04-14,75
1975,1975-04-21,36
1975,1975-04-28,9
1975,1975-05-05,0
1975,1975-05-12,NA
1976,1975-12-29,20
1976,1976-01-05,33
1976,1976-01-12,44
1976,1976-01-19,64
1976,1976-02-03,65
1976,1976-02-09,67
1976,1976-02-17,73
1976,1976-02-23,79
1976,1976-03-01,67
1976,1976-03-08,80
1976,1976-03-15,86
1976,1976-03-22,73
1976,1976-03-29,35
1976,1976-04-05,3
1976,1976-04-12,0
1976,1976-04-19,NA
1976,1976-05-03,NA
1976,1976-05-10,NA
1977,1976-12-06,NA
1977,1976-12-13,NA
1977,1976-12-20,8
1977,1976-12-27,20
1977,1977-01-03,30
1977,1977-01-11,41
1977,1977-01-17,48
1977,1977-01-24,45
1977,1977-01-31,58
1977,1977-02-07,61
1977,1977-02-14,72
1977,1977-02-22,84
1977,1977-02-28,87
1977,1977-03-07,95
1977,1977-03-15,32
1977,1977-03-21,35
1977,1977-03-28,36
1977,1977-04-04,0
1977,1977-04-11,5
1977,1977-04-18,0
1977,1977-04-26,NA
1977,1977-05-02,NA
1978,1977-12-12,19
1978,1977-12-19,30
1978,1977-12-27,33
1978,1978-01-03,38
1978,1978-01-11,38
1978,1978-01-16,50
1978,1978-01-23,66
1978,1978-01-30,57
1978,1978-02-06,58
1978,1978-02-13,66
1978,1978-02-21,85
1978,1978-02-27,87
1978,1978-03-06,88
1978,1978-03-13,66
1978,1978-03-20,69
1978,1978-03-28,79
1978,1978-04-03,80
1978,1978-04-10,78
1978,1978-04-17,49
1978,1978-04-24,11
1978,1978-05-01,0
1978,1978-05-08,NA
1978,1978-05-16,NA
1979,1978-12-05,22
1979,1978-12-18,30
1979,1979-01-03,45
1979,1979-01-15,45
1979,1979-01-29,82
1979,1979-02-12,95
1979,1979-02-28,98
1979,1979-03-07,67
1979,1979-03-12,78
1979,1979-03-19,65
1979,1979-03-26,12
1979,1979-04-03,14
1979,1979-04-10,31
1979,1979-04-17,10
1979,1979-04-23,0
1979,1979-04-30,NA
1979,1979-05-07,NA
1979,1979-05-15,NA
1980,1980-01-07,0
1980,1980-01-14,0
1980,1980-01-21,0
1980,1980-01-28,0
1980,1980-02-19,15
1980,1980-02-25,21
1980,1980-03-03,21
1980,1980-03-10,34
1980,1980-03-17,54
1980,1980-03-24,41
1980,1980-03-31,19
1980,1980-04-07,2
1980,1980-04-14,0
1980,1980-04-21,NA
1980,1980-04-28,NA
1980,1980-05-05,NA
1980,1980-05-12,NA
1980,1980-05-19,NA
1981,1980-12-08,1
1981,1980-12-15,5
1981,1980-12-22,16
1981,1980-12-29,25
1981,1981-01-05,28
1981,1981-01-12,28
1981,1981-01-19,29
1981,1981-01-26,29
1981,1981-02-03,28
1981,1981-02-09,43
1981,1981-02-17,28
1981,1981-02-23,0
1981,1981-03-02,14
1981,1981-03-09,14
1981,1981-03-16,14
1981,1981-03-23,10
1981,1981-03-30,0
1981,1981-04-06,NA
1981,1981-04-14,NA
1981,1981-04-20,NA
1981,1981-04-27,NA
1981,1981-05-04,NA
1981,1981-05-13,NA
1981,1981-05-18,NA
1982,1981-12-07,31
1982,1981-12-14,29
1982,1981-12-21,38
1982,1981-12-28,54
1982,1982-01-06,79
1982,1982-01-11,76
1982,1982-01-18,76
1982,1982-01-25,88
1982,1982-02-02,100
1982,1982-02-08,110
1982,1982-02-16,119
1982,1982-02-22,116
1982,1982-03-01,114
1982,1982-03-08,130
1982,1982-03-15,125
1982,1982-03-22,132
1982,1982-03-29,118
1982,1982-04-05,102
1982,1982-04-12,129
1982,1982-04-19,74
1982,1982-04-26,0
1982,1982-05-03,NA
1982,1982-05-10,NA
1982,1982-05-17,NA
1983,1983-01-17,8
1983,1983-01-24,19
1983,1983-01-31,18
1983,1983-02-08,21
1983,1983-02-14,15
1983,1983-02-23,23
1983,1983-02-28,22
1983,1983-03-07,9
1983,1983-03-14,24
1983,1983-03-21,0
1983,1983-03-29,15
1983,1983-04-05,0
1983,1983-04-12,0
1983,1983-04-18,0
1983,1983-04-27,NA
1983,1983-05-05,NA
1983,1983-05-11,NA
1983,1983-05-16,NA
1983,1983-05-25,NA
1984,1984-01-03,25
1984,1984-01-09,30
1984,1984-01-16,41
1984,1984-01-23,42
1984,1984-01-31,49
1984,1984-02-06,55
1984,1984-02-13,53
1984,1984-02-21,28
1984,1984-02-26,18
1984,1984-03-05,36
1984,1984-03-12,31
1984,1984-03-20,53
1984,1984-03-26,39
1984,1984-04-03,23
1984,1984-04-09,2
1984,1984-04-17,0
1984,1984-04-23,0
1984,1984-04-30,NA
1984,1984-05-07,NA
1984,1984-05-15,NA
1984,1984-05-21,NA
1985,1984-12-10,NA
1985,1984-12-11,13
1985,1984-12-14,NA
1985,1984-12-17,10
1985,1984-12-24,33
1985,1984-12-31,4
1985,1985-01-07,12
1985,1985-01-14,19
1985,1985-01-21,27
1985,1985-01-28,32
1985,1985-02-04,34
1985,1985-02-11,40
1985,1985-02-19,45
1985,1985-02-25,30
1985,1985-03-04,22
1985,1985-03-11,36
1985,1985-03-18,39
1985,1985-03-25,28
1985,1985-04-01,5
1985,1985-04-08,6
1985,1985-04-15,0
1985,1985-04-23,NA
1985,1985-04-29,NA
1985,1985-05-07,NA
1985,1985-05-13,NA
1986,1985-12-16,18
1986,1985-12-23,20
1986,1985-12-30,26
1986,1986-01-06,45
1986,1986-01-13,42
1986,1986-01-21,31
1986,1986-01-28,36
1986,1986-02-03,35
1986,1986-02-10,38
1986,1986-02-19,40
1986,1986-02-24,60
1986,1986-03-03,57
1986,1986-03-10,71
1986,1986-03-17,77
1986,1986-03-24,66
1986,1986-03-31,8
1986,1986-04-07,5
1986,1986-04-14,0
1986,1986-04-21,0
1986,1986-04-28,NA
1986,1986-05-05,NA
1987,1986-12-08,6
1987,1986-12-15,11
1987,1986-12-22,22
1987,1986-12-29,22
1987,1987-01-05,33
1987,1987-01-12,46
1987,1987-01-20,42
1987,1987-01-27,55
1987,1987-02-02,64
1987,1987-02-09,65
1987,1987-02-17,60
1987,1987-02-23,62
1987,1987-03-03,75
1987,1987-03-09,62
1987,1987-03-16,69
1987,1987-03-23,68
1987,1987-03-24,NA
1987,1987-03-30,11
1987,1987-04-08,0
1987,1987-04-13,NA
1987,1987-04-20,NA
1987,1987-04-27,NA
1987,1987-05-04,NA
1988,1987-12-22,21
1988,1987-12-29,18
1988,1988-01-05,21
1988,1988-01-11,24
1988,1988-01-19,18
1988,1988-01-26,28
1988,1988-02-03,26
1988,1988-02-08,35
1988,1988-02-16,51
1988,1988-02-22,52
1988,1988-02-29,53
1988,1988-03-07,54
1988,1988-03-14,56
1988,1988-03-21,63
1988,1988-03-28,37
1988,1988-04-06,0
1988,1988-04-11,0
1988,1988-04-18,NA
1988,1988-04-25,NA
1988,1988-05-02,NA
1988,1988-05-09,NA
1988,1988-05-16,NA
1989,1988-12-19,5
1989,1988-12-27,9
1989,1989-01-03,18
1989,1989-01-09,17
1989,1989-01-17,24
1989,1989-01-23,41
1989,1989-01-30,39
1989,1989-02-07,45
1989,1989-02-13,48
1989,1989-02-22,56
1989,1989-02-27,57
1989,1989-03-06,58
1989,1989-03-13,59
1989,1989-03-20,60
1989,1989-03-27,57
1989,1989-04-03,31
1989,1989-04-10,9
1989,1989-04-17,0
1989,1989-04-24,0
1989,1989-05-01,NA
1989,1989-05-08,NA
1989,1989-05-15,NA
1990,1989-12-04,17
1990,1989-12-11,24
1990,1989-12-18,38
1990,1989-12-26,37
1990,1990-01-02,35
1990,1990-01-08,39
1990,1990-01-16,50
1990,1990-01-23,55
1990,1990-01-29,46
1990,1990-02-05,67
1990,1990-02-12,55
1990,1990-02-20,64
1990,1990-02-26,62
1990,1990-03-05,61
1990,1990-03-13,36
1990,1990-03-19,0
1990,1990-03-26,0
1990,1990-04-02,0
1990,1990-04-09,NA
1990,1990-04-16,NA
1990,1990-04-23,NA
1990,1990-04-30,NA
1990,1990-05-08,NA
1991,1990-12-17,18
1991,1990-12-26,0
1991,1991-01-02,0
1991,1991-01-07,0
1991,1991-01-14,20
1991,1991-01-22,19
1991,1991-01-28,23
1991,1991-02-04,25
1991,1991-02-11,27
1991,1991-02-19,35
1991,1991-02-25,34
1991,1991-03-05,22
1991,1991-03-11,23
1991,1991-03-18,17
1991,1991-03-25,16
1991,1991-04-01,3
1991,1991-04-08,0
1991,1991-04-15,NA
1991,1991-04-23,NA
1991,1991-04-29,NA
1991,1991-05-07,NA
1992,1991-12-10,9
1992,1991-12-16,10
1992,1991-12-23,8
1992,1991-12-30,9
1992,1992-01-06,3
1992,1992-01-13,5
1992,1992-01-21,5
1992,1992-01-27,5
1992,1992-02-03,5
1992,1992-02-10,9
1992,1992-02-18,29
1992,1992-02-24,25
1992,1992-03-02,45
1992,1992-03-09,28
1992,1992-03-16,25
1992,1992-03-23,21
1992,1992-03-30,25
1992,1992-04-06,8
1992,1992-04-13,8
1992,1992-04-20,7
1992,1992-04-27,0
1992,1992-05-04,0
1992,1992-05-11,NA
1993,1993-01-19,19
1993,1993-01-26,11
1993,1993-02-01,20
1993,1993-02-08,31
1993,1993-02-16,36
1993,1993-02-22,NA
1993,1993-02-23,48
1993,1993-02-24,NA
1993,1993-03-01,47
1993,1993-03-08,63
1993,1993-03-15,NA
1993,1993-03-16,83
1993,1993-03-18,NA
1993,1993-03-22,87
1993,1993-03-30,NA
1993,1993-03-31,26
1993,1993-04-05,40
1993,1993-04-06,NA
1993,1993-04-13,3
1993,1993-04-19,0
1993,1993-04-27,NA
1993,1993-05-03,NA
1993,1993-05-10,NA
1993,1993-05-17,NA
1993,1993-05-24,NA
1993,1993-06-02,NA
1994,1994-01-03,7
1994,1994-01-11,29
1994,1994-01-18,42
1994,1994-01-24,50
1994,1994-01-31,64
1994,1994-02-01,NA
1994,1994-02-07,61
1994,1994-02-14,67
1994,1994-02-22,44
1994,1994-02-23,NA
1994,1994-02-28,NA
1994,1994-03-01,66
1994,1994-03-07,70
1994,1994-03-08,NA
1994,1994-03-14,69
1994,1994-03-21,89
1994,1994-03-28,89
1994,1994-04-04,64
1994,1994-04-11,47
1994,1994-04-12,NA
1994,1994-04-18,7
1994,1994-04-19,NA
1994,1994-04-25,0
1994,1994-05-02,NA
1994,1994-05-09,NA
1995,1995-01-09,NA
1995,1995-01-17,0
1995,1995-02-07,9
1995,1995-02-14,9
1995,1995-02-21,20
1995,1995-03-01,44
1995,1995-03-07,32
1995,1995-03-14,36
1995,1995-03-20,23
1995,1995-03-28,0
1995,1995-04-05,NA
1995,1995-04-10,0
1995,1995-04-18,NA
1995,1995-04-25,NA
1995,1995-05-02,NA
1995,1995-05-09,NA
1996,1995-12-04,0
1996,1995-12-11,40
1996,1995-12-19,35
1996,1995-12-27,45
1996,1996-01-02,38
1996,1996-01-09,39
1996,1996-01-16,39
1996,1996-01-22,21
1996,1996-01-30,33
1996,1996-02-05,46
1996,1996-02-12,47
1996,1996-02-20,54
1996,1996-02-26,35
1996,1996-03-04,39
1996,1996-03-11,41
1996,1996-03-18,36
1996,1996-03-25,19
1996,1996-04-02,0
1996,1996-04-09,0
1996,1996-04-15,0
1996,1996-04-22,0
1996,1996-04-29,0
1996,1996-05-06,0
1996,1996-05-13,0
1996,1996-05-20,0
1996,1996-05-27,0
1997,1996-12-10,20
1997,1996-12-16,18
1997,1996-12-23,16
1997,1996-12-30,6
1997,1997-01-06,19
1997,1997-01-13,28
1997,1997-01-21,34
1997,1997-01-27,36
1997,1997-02-03,65
1997,1997-02-10,73
1997,1997-02-18,85
1997,1997-02-24,78
1997,1997-03-03,63
1997,1997-03-11,84
1997,1997-03-17,95
1997,1997-03-24,98
1997,1997-04-01,90
1997,1997-04-07,68
1997,1997-04-14,46
1997,1997-04-21,9
1997,1997-04-29,0
1997,1997-05-07,0
1997,1997-05-12,0
1997,1997-05-20,0
1997,1997-05-27,0
1998,1997-11-24,11
1998,1997-11-26,NA
1998,1997-12-01,19
1998,1997-12-08,13
1998,1997-12-15,25
1998,1997-12-22,15
1998,1997-12-29,NA
1998,1998-01-05,58
1998,1998-01-12,44
1998,1998-01-20,45
1998,1998-01-26,62
1998,1998-02-02,67
1998,1998-02-09,44
1998,1998-02-17,54
1998,1998-02-23,58
1998,1998-03-02,53
1998,1998-03-10,47
1998,1998-03-16,36
1998,1998-03-25,71
1998,1998-03-30,3
1998,1998-04-06,0
1998,1998-04-13,0
1998,1998-04-20,0
1998,1998-04-27,0
1998,1998-05-04,0
1999,1998-12-21,0
1999,1998-12-28,0
1999,1999-01-04,25
1999,1999-01-11,25
1999,1999-01-19,25
1999,1999-01-25,36
1999,1999-02-02,41
1999,1999-02-08,42
1999,1999-02-16,49
1999,1999-02-22,59
1999,1999-03-02,56
1999,1999-03-08,72
1999,1999-03-16,75
1999,1999-03-23,60
1999,1999-03-29,38
1999,1999-04-05,0
1999,1999-04-12,0
1999,1999-04-19,0
1999,1999-04-26,0
1999,1999-05-03,0
1999,1999-05-10,0
2000,2000-01-03,0
2000,2000-01-10,0
2000,2000-01-18,8
2000,2000-01-24,10
2000,2000-02-01,21
2000,2000-02-07,25
2000,2000-02-15,46
2000,2000-02-22,51
2000,2000-02-29,41
2000,2000-03-06,40
2000,2000-03-13,27
2000,2000-03-20,29
2000,2000-03-27,7
2000,2000-04-04,0
2000,2000-04-10,0
2000,2000-04-17,0
2000,2000-04-25,0
2000,2000-05-03,0
2000,2000-05-08,0
2001,2000-12-11,NA
2001,2000-12-18,NA
2001,2000-12-26,NA
2001,2001-01-02,5
2001,2001-01-08,6
2001,2001-01-17,17
2001,2001-01-22,18
2001,2001-01-29,53
2001,2001-02-07,53
2001,2001-02-12,59
2001,2001-02-20,70
2001,2001-02-27,72
2001,2001-03-07,84
2001,2001-03-12,82
2001,2001-03-19,NA
2001,2001-03-25,83
2001,2001-04-02,97
2001,2001-04-09,79
2001,2001-04-16,45
2001,2001-04-23,0
2001,2001-04-30,0
2001,2001-05-07,0
2001,2001-05-14,0
2002,2001-12-31,9
2002,2002-01-08,21
2002,2002-01-14,28
2002,2002-01-22,33
2002,2002-01-28,29
2002,2002-02-03,34
2002,2002-02-11,35
2002,2002-02-19,44
2002,2002-02-25,40
2002,2002-03-04,32
2002,2002-03-14,25
2002,2002-03-18,11
2002,2002-03-25,22
2002,2002-04-02,17
2002,2002-04-08,4
2002,2002-04-16,0
2002,2002-04-22,0
2003,2003-01-06,0
2003,2003-01-13,22
2003,2003-01-21,27
2003,2003-01-27,30
2003,2003-02-03,33
2003,2003-02-10,43
2003,2003-02-19,47
2003,2003-02-24,50
2003,2003-03-04,62
2003,2003-03-10,57
2003,2003-03-17,42
2003,2003-03-24,17
2003,2003-03-31,5
2003,2003-04-08,13
2003,2003-04-14,0
2003,2003-04-21,0
2003,2003-04-28,0
2004,2004-01-06,0
2004,2004-01-12,29
2004,2004-01-20,29
2004,2004-01-26,23
2004,2004-02-02,23
2004,2004-02-09,38
2004,2004-02-17,32
2004,2004-02-23,32
2004,2004-03-01,33
2004,2004-03-10,15
2004,2004-03-15,13
2004,2004-03-22,17
2004,2004-03-29,1
2004,2004-04-06,0
2004,2004-04-12,0
2004,2004-04-19,0
2004,2004-04-27,0
2004,2004-05-04,0
2005,2005-01-10,15
2005,2005-01-17,18
2005,2005-01-24,24
2005,2005-01-31,29
2005,2005-02-06,20
2005,2005-02-22,51
2005,2005-02-28,50
2005,2005-03-07,58
2005,2005-03-15,68
2005,2005-03-21,69
2005,2005-03-30,48
2005,2005-04-05,19
2005,2005-04-11,0
2005,2005-04-18,0
2005,2005-04-26,0
2005,2005-05-02,0
2005,2005-05-09,0
2005,2005-05-16,0
2006,2005-12-14,9
2006,2005-12-19,18
2006,2005-12-27,20
2006,2006-01-03,12
2006,2006-01-10,21
2006,2006-01-17,10
2006,2006-01-24,6
2006,2006-02-01,15
2006,2006-02-06,10
2006,2006-02-13,12
2006,2006-02-21,6
2006,2006-02-27,7
2006,2006-03-07,10
2006,2006-03-13,4
2006,2006-03-20,0
2006,2006-03-27,0
2006,2006-04-03,0
2006,2006-04-10,0
2006,2006-04-17,0
2006,2006-04-24,0
2007,2007-01-03,0
2007,2007-01-09,9
2007,2007-01-16,13
2007,2007-01-22,11
2007,2007-01-29,15
2007,2007-02-05,20
2007,2007-02-12,20
2007,2007-02-20,40
2007,2007-02-26,44
2007,2007-03-05,57
2007,2007-03-12,47
2007,2007-03-19,39
2007,2007-03-26,13
2007,2007-04-01,1
2007,2007-04-09,21
2007,2007-04-18,20
2007,2007-04-23,0
2007,2007-05-01,0
2007,2007-05-07,0
2007,2007-05-14,0
2007,2007-05-22,0
2008,2007-12-05,11
2008,2007-12-10,15
2008,2007-12-17,32
2008,2007-12-26,39
2008,2008-01-02,64
2008,2008-01-07,62
2008,2008-01-15,39
2008,2008-01-22,41
2008,2008-01-28,45
2008,2008-02-04,53
2008,2008-02-11,75
2008,2008-02-19,80
2008,2008-02-25,97
2008,2008-03-03,109
2008,2008-03-10,96
2008,2008-03-17,92
2008,2008-03-24,111
2008,2008-03-31,114
2008,2008-04-07,87
2008,2008-04-14,46
2008,2008-04-21,0
2008,2008-04-28,0
2008,2008-05-05,0
2008,2008-05-12,0
2008,2008-05-20,0
2009,2008-12-02,10
2009,2008-12-08,10
2009,2008-12-15,13
2009,2008-12-23,23
2009,2008-12-29,25
2009,2009-01-05,22
2009,2009-01-12,37
2009,2009-01-20,35
2009,2009-01-26,49
2009,2009-02-02,49
2009,2009-02-09,58
2009,2009-02-17,51
2009,2009-02-24,61
2009,2009-03-03,60
2009,2009-03-10,50
2009,2009-03-16,50
2009,2009-03-23,44
2009,2009-03-30,32
2009,2009-04-06,0
2009,2009-04-13,0
2009,2009-04-20,0
2009,2009-04-27,0
2009,2009-05-04,0
2009,2009-05-11,0
2010,2009-12-07,0
2010,2009-12-16,22
2010,2009-12-21,21
2010,2009-12-28,19
2010,2010-01-06,29
2010,2010-01-11,30
2010,2010-01-19,37
2010,2010-01-26,35
2010,2010-02-01,36
2010,2010-02-08,34
2010,2010-02-15,31
2010,2010-02-22,32
2010,2010-03-02,49
2010,2010-03-08,32
2010,2010-03-16,13
2010,2010-03-22,0
2010,2010-03-31,0
2010,2010-04-05,0
2011,2010-12-29,20
2011,2011-01-04,0
2011,2011-01-10,0
2011,2011-01-20,22
2011,2011-01-25,26
2011,2011-01-31,31
2011,2011-02-07,46
2011,2011-02-14,49
2011,2011-02-22,44
2011,2011-03-01,60
2011,2011-03-08,46
2011,2011-03-14,65
2011,2011-03-21,48
2011,2011-03-28,52
2011,2011-04-06,56
2011,2011-04-12,0
2011,2011-04-18,0
2011,2011-04-25,0
2011,2011-05-02,0
2011,2011-05-10,0
2012,2011-12-27,0
2012,2012-01-03,0
2012,2012-01-09,0
2012,2012-01-18,9
2012,2012-01-23,12
2012,2012-01-30,21
2012,2012-02-06,16
2012,2012-02-13,19
2012,2012-02-21,19
2012,2012-02-27,27
2012,2012-03-06,36
2012,2012-03-12,34
2012,2012-03-19,0
2012,2012-03-26,0
2013,2013-01-02,24
2013,2013-01-07,24
2013,2013-01-15,21
2013,2013-01-22,20
2013,2013-01-28,28
2013,2013-02-04,15
2013,2013-02-12,39
2013,2013-02-19,32
2013,2013-02-25,48
2013,2013-03-04,46
2013,2013-03-11,37
2013,2013-03-18,26
2013,2013-03-25,31
2013,2013-04-01,31
2013,2013-04-08,0
2013,2013-04-15,0
2013,2013-04-22,0
2013,2013-04-29,0
2013,2013-05-06,0
2014,2013-12-16,10
2014,2013-12-24,1
2014,2013-12-31,13
2014,2014-01-07,18
2014,2014-01-13,18
2014,2014-01-21,17
2014,2014-01-27,17
2014,2014-02-03,20
2014,2014-02-10,30
2014,2014-02-18,46
2014,2014-02-24,51
2014,2014-03-03,49
2014,2014-03-10,50
2014,2014-03-17,57
2014,2014-03-24,81
2014,2014-04-02,64
2014,2014-04-07,55
2014,2014-04-14,4
2014,2014-04-21,0
2014,2014-04-28,0
2014,2014-05-06,0
2014,2014-05-12,0
2015,2014-12-02,0
2015,2014-12-10,0
2015,2014-12-15,13
2015,2014-12-22,11
2015,2014-12-29,10
2015,2015-01-05,8
2015,2015-01-12,11
2015,2015-01-20,10
2015,2015-01-26,9
2015,2015-02-03,21
2015,2015-02-10,44
2015,2015-02-19,29
2015,2015-02-26,36
2015,2015-03-02,50
2015,2015-03-09,46
2015,2015-03-16,46
2015,2015-03-23,52
2015,2015-03-31,50
2015,2015-04-02,45
2015,2015-04-06,28
2015,2015-04-13,26
2015,2015-04-20,0
2015,2015-04-27,0
2016,2016-01-04,0
2016,2016-01-11,8
2016,2016-01-19,9
2016,2016-01-26,9
2016,2016-02-01,10
2016,2016-02-08,10
2016,2016-02-17,10
2016,2016-02-22,12
2016,2016-02-29,6
2016,2016-03-08,6
2016,2016-03-14,0
2016,2016-03-22,0
2016,2016-03-29,0
2017,2016-12-13,20
2017,2016-12-20,22
2017,2017-01-04,25
2017,2017-01-11,39
2017,2017-01-17,27
2017,2017-01-23,38
2017,2017-02-06,38
2017,2017-02-14,66
2017,2017-02-21,70
2017,2017-02-27,33
2017,2017-03-06,23
2017,2017-03-13,13
2017,2017-03-20,20
2017,2017-03-28,19
2017,2017-04-03,36
2017,2017-04-10,29
2017,2017-04-17,0
2017,2017-04-24,0
2017,2017-05-01,0
2017,2017-05-08,0
2018,2017-12-11,0.1
2018,2017-12-18,0.13
2018,2017-12-26,0.28
2018,2018-01-02,0.22
2018,2018-01-08,0.29
2018,2018-01-16,0.21
2018,2018-01-24,0.27
2018,2018-01-29,0.27
2018,2018-02-05,0.42
2018,2018-02-13,0.48
2018,2018-02-20,0.57
2018,2018-02-26,0.26
2018,2018-03-05,0.2
2018,2018-03-14,0.32
2018,2018-03-19,0.32
2018,2018-03-27,0.19
2018,2018-04-02,0
2018,2018-04-09,0.05
2018,2018-04-16,0.08
2018,2018-04-23,0
2018,2018-04-30,0
2018,2018-05-07,0
