WS-#,Site,Time,Date,pH,Type,deep C screen,Na mg/L,Mg mg/L,Al mg/L,Si mg/L,K mg/L,Ca mg/L,Mn mg/L,Fe mg/L,F mg/L,Cl mg/L,NO3 mg/L,SO4 mg/L,DOC mg/L,TDN mg/L,NH4 mg N/L,Alm mg/L,Alo mg/L
193,A6,NA,2010-03-25T00:00:00Z,6.12,G1,NA,2.14,1.04,1.07,6.12,1.01,4.17,1.15,1.58,0.08,0.53,0,4.06,7.54,0.19,NA,NA,NA
374,A6,NA,2010-06-28T00:00:00Z,5.71,G1,NA,1.59,1.1,1.55,7.06,1.04,4.08,0.88,2.69,0.05,0.48,0,4.65,11.53,0.41,NA,NA,NA
464,A6,NA,2010-08-26T00:00:00Z,5.68,G1,NA,1.57,1.37,3.36,10.14,1.63,4.83,0.91,5.97,0.07,0.45,0,5.63,13.3,0.44,NA,NA,NA
465,A6,NA,2010-09-29T00:00:00Z,5.78,G1,NA,1.43,1.17,2.19,8.4,1.32,4.58,0.82,4.29,0.08,0.46,0,5.68,10.37,0.35,NA,NA,NA
601,A6,NA,2011-04-07T00:00:00Z,5.64,G1,NA,1.22,0.91,0.78,5.42,0.66,3.27,0.49,1.85,0.05,0.48,0,4.35,8.95,0.23,NA,NA,NA
641,A6,NA,2011-04-14T00:00:00Z,5.57,G1,NA,1.2,0.81,0.48,4.81,0.67,2.9,0.38,0.7,0.04,0.56,0.13,4,7.52,0.27,NA,NA,NA
665,A6,NA,2011-05-24T00:00:00Z,5.74,G1,NA,1.15,0.94,1.15,5.7,0.83,3.19,0.42,1.77,0.05,0.41,0.01,4.08,8.63,0.24,NA,NA,NA
691,A6,NA,2011-08-16T00:00:00Z,5.59,G1,NA,1.47,1.1,1.35,7.66,1.29,4.42,0.43,1.17,0.05,0.42,0.02,5.83,8.02,0.2,NA,NA,NA
697,A6,10:40:00,2011-08-29T00:00:00Z,5.76,G1,NA,1.68,1.13,1.42,7.59,1.22,4.46,0.42,1.54,0.04,0.44,0.01,5.38,8.16,0.19,NA,NA,NA
718,A6,NA,2011-11-04T00:00:00Z,5.74,G1,NA,1.52,1.1,1.07,6.52,0.98,4.16,0.45,0.92,0.05,0.41,0.09,4.57,8.68,0.25,NA,NA,NA
739,A6,NA,2012-02-01T00:00:00Z,5.85,G1,NA,1.49,1.02,0.56,5.78,0.71,3.67,0.4,0.5,0.04,0.43,0.01,4.18,8.04,0.16,NA,NA,NA
759,A6,NA,2012-03-22T00:00:00Z,5.93,G1,NA,1.73,1.05,0.4,5.77,0.72,3.82,0.39,0.37,0.05,0.45,0.01,4.52,6.95,0.15,NA,NA,NA
801,A6,NA,2012-04-24T00:00:00Z,5.98,G1,NA,1.46,0.95,0.62,6.46,0.71,3.69,0.36,0.55,0.03,0.45,0.01,4.69,7.06,0.14,NA,NA,NA
816,A6,NA,2012-07-31T00:00:00Z,NA,G1,NA,1.64,1.03,0.7,7.04,0.93,3.98,0.29,0.66,0.04,0.49,0,5.57,8.54,0.17,NA,NA,NA
826,A6,NA,2012-08-10T00:00:00Z,5.73,G1,NA,1.78,1.06,0.8,8.34,1.09,4.49,0.25,0.92,0.05,0.58,0.01,5.97,8.48,0.17,NA,NA,NA
1061,A6,09:30:00,2013-03-11T00:00:00Z,5.85,G1,NA,1.37,1,0.52,5.43,0.7,3.64,0.51,1.34,0.06,0.84,0.13,4.56,9.87,0.3,0.076,0.116,0.1
1106,A6,09:45:00,2013-03-12T00:00:00Z,5.78,G1,NA,1.34,1,0.88,6.05,0.69,3.28,0.53,1.5,0.05,0.71,0.02,4.99,9.57,0.3,0.073,0.128,NA
1105,A6,09:45:00,2013-03-12T00:00:00Z,4.2,G1,NA,0.72,0.24,0.89,4.09,0.16,0.54,0.01,0.59,0.06,0.58,3.8,3.65,14.51,1.1,0.009,0.616,NA
1197,A6,10:40:00,2013-03-13T00:00:00Z,5.08,G1,NA,1.32,0.93,0.58,5.39,0.63,3.24,0.5,1.4,0.04,0.71,0.07,4.84,8.91,0.3,0.079,0.106,0.095
1640,A6,NA,2013-04-01T00:00:00Z,5.88,G1,NA,1.48,0.97,0.35,5.35,0.73,3.4,0.46,0.59,0.03,0.64,0.32,4.58,6.94,0.32,0.073,0.092,NA
2631,A8,11:20:00,2014-08-04T00:00:00Z,5.49,G1,NA,1.3,0.17,0.57,2.65,0.18,0.69,0.01,0.02,0.15,0.24,0.35,2.43,30.78,0.64,0.021,NA,NA
2654,A8,09:10:00,2014-08-13T00:00:00Z,4.67,G1,NA,1.44,0.47,1.81,3.13,1,2.19,0.39,0.45,0.18,1.58,3.82,1.6,46.37,2.1,0.31,0.943,0.717
2655,A9,09:00:00,2014-08-13T00:00:00Z,5.62,G1,NA,4.68,0.13,0.78,2.05,1.82,0.71,0.12,0.38,0.21,1.31,1.22,2.45,39.89,4.71,0.65,0.253,0.246
190,N1,NA,2010-03-25T00:00:00Z,4.79,G1,NA,0.56,0.09,0.58,2.41,0.44,0.45,0.17,0.15,0.02,0.18,0.11,1.56,8.86,0.28,NA,NA,NA
380,N1,NA,2010-06-28T00:00:00Z,4.49,G1,NA,0.44,0.17,1.35,2.96,0.41,0.59,0.17,0.44,0.03,0.16,0.16,1.54,22.76,0.58,NA,NA,NA
456,N1,NA,2010-08-26T00:00:00Z,4.56,G1,NA,0.56,0.18,1.15,6.61,0.28,0.57,0.17,0.32,0.05,0.18,0.16,2.48,18.8,0.52,NA,NA,NA
467,N1,NA,2010-09-29T00:00:00Z,4.5,G1,NA,0.72,0.15,1.09,6.34,0.46,0.55,0.16,0.27,0.07,0.27,0,2.91,16.71,0.44,NA,NA,NA
606,N1,NA,2011-04-07T00:00:00Z,4.54,G1,NA,0.49,0.09,0.75,2.55,0.22,0.25,0.11,0.23,0.02,0.24,0.18,2.16,10.54,0.28,NA,NA,NA
637,N1,NA,2011-04-14T00:00:00Z,4.48,G1,NA,0.26,0.05,0.53,0.64,0.3,0.23,0.07,0.27,0.07,0.2,0.21,0.88,12.26,0.39,NA,NA,NA
661,N1,NA,2011-05-24T00:00:00Z,4.65,G1,NA,0.39,0.09,0.9,2.01,0.39,0.24,0.1,0.35,0.03,0.17,0.01,1,16.08,0.4,NA,NA,NA
672,N1,NA,2011-08-16T00:00:00Z,4.41,G1,NA,0.59,0.1,1.1,3.55,0.24,0.33,0.12,0.38,0.02,0.1,0.01,1.36,21.59,0.51,NA,NA,NA
700,N1,11:55:00,2011-08-29T00:00:00Z,4.4,G1,NA,0.36,0.08,0.98,2.95,0.19,0.28,0.08,0.41,0.06,0.1,0.01,1.13,18.9,0.45,NA,NA,NA
765,N1,NA,2012-03-22T00:00:00Z,4.72,G1,NA,0.35,0.08,0.63,1.67,0.61,0.25,0.11,0.24,0.02,0.27,1.23,1.58,11.18,0.59,NA,NA,NA
802,N1,NA,2012-04-24T00:00:00Z,4.67,G1,NA,0.4,0.12,0.69,2.28,0.84,0.35,0.16,0.26,0.07,0.53,0.54,1.71,15.59,0.54,NA,NA,NA
833,N1,NA,2012-08-10T00:00:00Z,4.32,G1,NA,0.35,0.07,0.81,2.95,0.13,0.22,0.08,0.4,0.04,0.15,0.03,1.27,22.61,0.58,NA,NA,NA
896,N1,10:45:00,2012-10-30T00:00:00Z,4.47,G1,NA,0.51,0.1,1.12,4.2,0.54,0.28,0.18,0.46,0.01,0.63,0,1.08,25.03,0.58,0.011,0.557,0.469
957,N1,10:24:00,2012-12-03T00:00:00Z,4.47,G1,NA,0.63,0.09,0.78,3.32,0.57,0.27,0.12,0.27,0.03,0.87,0.56,1.81,17.01,0.63,0.016,0.46,0.321
982,N1,12:24:00,2013-01-14T00:00:00Z,4.5,G1,NA,0.62,0.14,0.13,1.72,0.11,0.44,0.03,0.02,0.02,0.41,1.02,2.38,1.25,0.26,0.003,0.076,0.018
998,N1,10:05:00,2013-01-31T00:00:00Z,4.43,G1,NA,0.31,0.07,0.4,1.38,0.29,0.21,0.08,0.16,0.01,0.33,1.17,1.34,11.51,0.67,0.039,0.249,0.213
1019,N1,11:03:00,2013-03-11T00:00:00Z,5.13,G1,NA,0.54,0.1,0.34,4.78,0.3,0.24,0.12,0.13,0.02,0.52,0.28,2.51,7.71,0.29,0.003,0.157,NA
1649,N1,NA,2013-04-01T00:00:00Z,4.23,G1,NA,0.47,0.1,0.75,2.22,0.44,0.23,0.11,0.32,0.02,0.36,1.05,1.27,16.3,0.68,0.014,0.371,NA
1923,N1,NA,2013-04-11T00:00:00Z,NA,G1,NA,0.34,0.07,0.6,1.49,0.44,0.18,0.09,0.25,0.02,0.31,0.52,1.31,15.01,0.46,0.003,0.303,NA
2143,N1,NA,2013-06-28T00:00:00Z,4.19,G1,NA,NA,NA,NA,NA,NA,NA,NA,NA,NA,NA,NA,NA,NA,NA,NA,NA,NA
2426,N1,14:50:00,2013-11-07T00:00:00Z,4.2,G1,NA,0.85,0.12,1.18,5.51,0.4,0.31,0.08,0.5,0.03,0.59,0.37,1.45,NA,NA,NA,NA,NA
2485,N1,NA,2014-06-13T00:00:00Z,NA,G1,NA,0.62,0.15,0.92,3.21,0.4,0.36,0.09,0.53,0.03,0.47,1.08,0.96,26.08,0.84,0.017,NA,NA
2526,N1,NA,2014-06-14T00:00:00Z,4.81,G1,NA,0.65,0.15,0.91,3.32,0.41,0.32,0.11,0.44,0.04,0.27,0.27,0.96,23.66,0.57,0.008,0.442,0.357
2613,N1,12:50:00,2014-07-16T00:00:00Z,4.58,G1,NA,0.63,0.2,1.3,5.3,0.29,0.41,0.12,0.6,0.03,0.08,0.14,1.08,33.08,0.76,0.01,0.731,0.605
898,N3,10:55:00,2012-10-30T00:00:00Z,4.25,G1,NA,0.4,0.05,0.62,1.94,0.22,0.15,0.08,0.2,0.01,0.82,0.31,1.82,15.11,0.5,0.015,0.371,0.295
1068,N3,10:40:00,2013-03-11T00:00:00Z,4.17,G1,NA,0.78,0.29,1.03,3.52,0.75,0.73,0.42,0.1,0.06,0.57,13.03,2.68,7.31,3.25,0.02,0.795,0.202
1112,N3,10:50:00,2013-03-12T00:00:00Z,4.05,G1,NA,0.76,0.23,0.88,1.93,0.93,0.59,0.39,0.13,0.09,1.49,9.7,2.37,11.73,2.55,0.003,0.647,NA
1207,N3,11:39:00,2013-03-13T00:00:00Z,4.31,G1,NA,0.47,0.07,0.42,1.26,0.22,0.23,0.13,0.11,0.02,0.74,1.71,1.84,7.81,0.58,0.003,0.271,0.161
1374,N3,NA,2013-03-27T00:00:00Z,4.29,G1,NA,0.65,0.16,0.74,2.87,0.54,0.43,0.26,0.16,0.04,0.5,6.74,2.76,7.67,1.67,0.003,0.586,NA
1651,N3,NA,2013-04-01T00:00:00Z,4.27,G1,NA,0.47,0.09,0.54,1.29,0.43,0.23,0.15,0.17,0.02,0.47,2.44,1.62,10.81,0.86,0.023,0.313,NA
1925,N3,NA,2013-04-11T00:00:00Z,NA,G1,NA,0.44,0.06,0.47,1.23,0.26,0.16,0.1,0.14,0.02,0.41,0.86,1.93,9.26,0.42,0.003,0.231,NA
2109,N3,NA,2013-06-27T00:00:00Z,4.19,G1,NA,NA,NA,NA,NA,NA,NA,NA,NA,0.03,0.36,1.62,1.62,19.98,0.93,NA,NA,NA
2138,N3,NA,2013-06-28T00:00:00Z,4.2,G1,NA,NA,NA,NA,NA,NA,NA,NA,NA,NA,NA,NA,NA,NA,NA,NA,NA,NA
2413,N3,NA,2013-09-03T00:00:00Z,4.09,G1,NA,0.58,0.16,1.03,3.73,0.24,0.4,0.23,0.37,0.03,0.22,3.36,1.71,24.26,1.35,0.048,0.53,0.353
2428,N3,15:00:00,2013-11-07T00:00:00Z,3.99,G1,NA,0.63,0.15,1.03,3.02,0.43,0.36,0.2,0.28,0.04,0.45,4.97,1.89,19.78,1.56,NA,NA,NA
2486,N3,NA,2014-06-13T00:00:00Z,4.09,G1,NA,0.59,0.19,0.89,2.2,0.33,0.45,0.29,0.33,0.04,0.56,4.92,1.4,22.5,1.59,0.006,0.483,0.336
2528,N3,NA,2014-06-14T00:00:00Z,4.27,G1,NA,0.65,0.1,0.74,1.57,0.22,0.27,0.18,0.28,0.03,0.57,1.64,1.35,19.6,0.81,0.01,0.413,0.324
2571,N3,NA,2014-06-16T00:00:00Z,4.4,G1,NA,0.69,0.12,0.63,2.21,0.28,0.31,0.2,0.24,0.04,0.6,2.96,1.76,13.05,0.98,0.01,0.363,0.245
2614,N3,12:50:00,2014-07-16T00:00:00Z,4.03,G1,NA,0.44,0.14,1.25,3.07,0.12,0.41,0.26,0.51,0.03,0.22,1.4,1.09,36.87,1.13,0.011,0.738,0.587
2687,N3,12:45:00,2014-10-07T00:00:00Z,3.99,G1,NA,0.38,0.09,0.71,1.81,0.86,0.37,0.29,0.21,0.04,1.4,2.68,1.33,22.57,1.18,0.041,0.483,0.378
2688,N3,13:40:00,2014-10-07T00:00:00Z,4.03,G1,NA,0.33,0.07,0.65,1.58,0.6,0.28,0.23,0.2,0.03,1,1.63,1.35,20.62,0.92,0.012,0.422,0.336
2689,N3,14:40:00,2014-10-07T00:00:00Z,4.02,G1,NA,0.36,0.07,0.73,1.78,0.41,0.24,0.18,0.24,0.04,1.02,0.9,1.46,21.22,0.78,0.009,0.457,0.357
2690,N3,15:40:00,2014-10-07T00:00:00Z,4.02,G1,NA,0.37,0.07,0.8,1.97,0.32,0.23,0.17,0.29,0.04,1.01,0.69,1.48,22.62,0.74,0.01,0.484,0.378
2708,N3,08:00:00,2014-10-08T00:00:00Z,4.11,G1,NA,0.34,0.07,0.58,1.4,0.4,0.25,0.21,0.18,0.05,0.95,0.39,1.36,17.35,0.57,0.014,0.388,0.319
2709,N3,09:00:00,2014-10-08T00:00:00Z,4.09,G1,NA,0.35,0.06,0.57,1.45,0.31,0.22,0.18,0.18,0.03,0.96,0.23,1.54,16.02,0.47,0.007,0.351,0.283
2710,N3,10:00:00,2014-10-08T00:00:00Z,4.1,G1,NA,0.36,0.06,0.57,1.46,0.23,0.21,0.16,0.18,0.03,1,0.16,1.6,15.66,0.45,0.007,0.349,0.277
2711,N3,10:55:00,2014-10-08T00:00:00Z,4.1,G1,NA,0.37,0.06,0.57,1.49,0.19,0.19,0.15,0.18,0.03,0.97,0.15,1.57,15.58,0.44,0.007,0.336,0.266
716,O2,NA,2011-11-03T00:00:00Z,4.65,G1,NA,0.64,0.32,1.22,3.53,0.12,0.78,0.77,0.58,0.07,0.35,1.77,2.29,20.31,0.78,NA,NA,NA
737,O2,NA,2012-02-01T00:00:00Z,4.88,G1,NA,0.68,0.55,0.73,2.76,0.1,0.96,0.38,0.23,0.07,0.4,2.88,2.58,11.64,0.89,NA,NA,NA
762,O2,NA,2012-03-22T00:00:00Z,5.13,G1,NA,0.65,0.57,0.8,1.72,0.14,0.98,0.22,0.34,0.04,0.32,2.06,1.83,14.95,0.72,NA,NA,NA
784,O2,NA,2012-04-24T00:00:00Z,4.35,G1,NA,0.51,0.38,1.01,2.22,0.12,0.68,0.15,0.34,0.03,0.32,1.27,1.92,20.11,0.69,NA,NA,NA
814,O2,NA,2012-07-31T00:00:00Z,NA,G1,NA,0.62,0.48,1.11,4.07,0.13,0.91,0.21,0.31,0.04,0.29,0.01,1.8,23.64,0.42,NA,NA,NA
828,O2,NA,2012-08-10T00:00:00Z,4.75,G1,NA,0.56,0.35,1.2,2.8,0.04,0.74,0.23,0.44,0.05,0.21,0.03,1.86,25.89,0.49,NA,NA,NA
1067,O2,10:20:00,2013-03-11T00:00:00Z,4.73,G1,NA,0.86,0.7,0.74,3.62,0.14,0.8,0.18,0.26,0.05,0.43,3.76,2.98,13.43,1.09,0.007,0.398,0.28
1108,O2,10:20:00,2013-03-12T00:00:00Z,4.58,G1,NA,0.82,0.68,0.73,3.1,0.15,0.78,0.16,0.25,0.06,0.59,3.9,2.84,14.14,1.22,0.019,0.398,NA
1107,O2,10:20:00,2013-03-12T00:00:00Z,4.13,G1,NA,0.76,0.36,0.71,3.37,0.12,0.41,0.08,0.42,0.06,0.48,6.14,2.91,12.31,1.62,0.003,0.467,NA
1205,O2,11:15:00,2013-03-13T00:00:00Z,4.57,G1,NA,0.68,0.58,0.74,2.4,0.14,0.72,0.14,0.28,0.04,0.66,2.89,2.44,14.6,0.95,0.013,0.39,0.285
1647,O2,NA,2013-04-01T00:00:00Z,4.58,G1,NA,0.71,0.6,0.88,2.75,0.23,0.8,0.13,0.35,0.04,0.45,2.8,2.26,17.82,1.02,0.046,0.43,NA
1921,O2,NA,2013-04-11T00:00:00Z,NA,G1,NA,0.46,0.38,0.8,1.58,0.12,0.6,0.11,0.26,0.04,0.43,1.73,1.92,17.32,0.69,0.005,0.415,NA
2419,O2,NA,2013-09-03T00:00:00Z,4.24,G1,NA,0.8,0.3,1.61,3.92,0.1,0.66,0.26,0.67,0.04,0.19,0.32,1.35,36.04,0.72,0.014,0.682,0.541
2494,O2,NA,2014-06-13T00:00:00Z,4.26,G1,NA,0.67,0.37,1.23,2.52,0.08,0.58,0.09,0.61,0.05,0.3,1.57,1.24,30.25,0.82,0.008,0.64,0.512
2536,O2,NA,2014-06-14T00:00:00Z,4.32,G1,NA,0.9,0.33,1.26,2.46,0.1,0.58,0.09,0.59,0.04,0.33,1.19,1.14,31.88,0.73,0.008,0.666,0.526
2578,O2,NA,2014-06-16T00:00:00Z,4.56,G1,NA,0.74,0.51,1.26,2.98,0.14,0.88,0.1,0.46,0.07,0.38,0.02,2.56,25.29,0.42,0.012,0.666,0.498
2620,O2,11:40:00,2014-07-16T00:00:00Z,4.17,G1,NA,0.66,0.31,1.55,3.22,0.06,0.62,0.14,0.77,0.06,0.15,0.8,1.18,43.34,0.86,0.008,0.959,0.794
829,P1,NA,2012-08-10T00:00:00Z,4.43,G1,NA,0.19,0.08,0.43,1.1,0.12,0.48,0.21,0.13,0.03,0.26,0.4,1.87,9.81,0.5,NA,NA,NA
715,Q1,NA,2011-11-03T00:00:00Z,4.96,G1,NA,0.58,0.16,0.98,2.75,0.31,0.78,0.4,0.95,0.08,0.35,0.31,2.46,12.48,0.36,NA,NA,NA
734,Q1,NA,2012-02-01T00:00:00Z,5.15,G1,NA,0.64,0.19,0.7,2.56,0.23,0.63,0.08,0.26,0.09,0.46,2.66,2.27,8.96,0.79,NA,NA,NA
763,Q1,NA,2012-03-22T00:00:00Z,4.69,G1,NA,0.6,0.16,1.03,2.08,0.21,0.5,0.04,0.23,0.05,0.31,2.21,2.33,10.59,0.71,NA,NA,NA
803,Q1,NA,2012-04-24T00:00:00Z,4.58,G1,NA,0.54,0.15,1.15,2.57,0.28,0.43,0.02,0.18,0.04,0.44,1.71,2.24,11.73,0.67,NA,NA,NA
831,Q1,NA,2012-08-10T00:00:00Z,4.56,G1,NA,0.55,0.15,1.24,2.12,0.34,0.56,0.05,0.32,0.05,0.27,1.92,2.07,14.98,0.77,NA,NA,NA
2497,Q1,NA,2014-06-13T00:00:00Z,4.64,G1,NA,0.83,0.16,1.23,2.48,0.46,0.4,0.01,0.29,0.07,0.87,1.72,2.19,12.38,0.65,0.003,NA,NA
2539,Q1,NA,2014-06-14T00:00:00Z,4.68,G1,NA,0.84,0.15,1.28,2.26,0.43,0.4,0.01,0.29,0.05,0.59,1.74,2.01,12.62,0.64,0.003,0.823,0.385
192,A5,NA,2010-03-25T00:00:00Z,4.8,G2,NA,0.65,0.2,1.11,2.33,0.1,0.4,0.01,0.02,0.04,0.37,2.08,2.61,6.05,0.68,NA,NA,NA
373,A5,NA,2010-06-28T00:00:00Z,4.66,G2,NA,0.5,0.16,0.87,1.8,0.07,0.33,0.01,0.05,0.04,0.42,0.04,3.16,7.03,0.16,NA,NA,NA
466,A5,NA,2010-09-29T00:00:00Z,4.68,G2,NA,0.64,0.18,1.07,2.31,0.12,0.46,0.02,0.05,0.03,0.39,0.22,3.67,6.8,0.26,NA,NA,NA
602,A5,NA,2011-04-07T00:00:00Z,4.64,G2,NA,0.61,0.19,1.11,2.37,0.04,0.35,0.01,0.02,0.03,0.64,1.6,3.13,5.86,0.47,NA,NA,NA
640,A5,NA,2011-04-14T00:00:00Z,4.64,G2,NA,0.57,0.18,1.13,1.94,0.04,0.34,0.01,0.02,0.04,0.43,1.86,3.03,5.55,0.51,NA,NA,NA
664,A5,NA,2011-05-24T00:00:00Z,4.78,G2,NA,0.51,0.16,1.08,1.96,0.07,0.31,0.01,0.09,0.04,0.35,0.44,3.02,6.73,0.25,NA,NA,NA
690,A5,NA,2011-08-16T00:00:00Z,4.66,G2,NA,0.68,0.17,1.03,2.19,0.18,0.39,0.01,0.05,0.04,0.3,0.22,3.21,6.91,0.18,NA,NA,NA
719,A5,NA,2011-11-04T00:00:00Z,4.77,G2,NA,0.53,0.14,1.05,2.66,0.07,0.32,0.01,0.05,0.02,0.36,0.13,2.9,7.65,0.22,NA,NA,NA
738,A5,NA,2012-02-01T00:00:00Z,4.78,G2,NA,0.64,0.17,1.11,2.71,0.04,0.34,0.01,0.02,0.02,0.43,1.91,2.6,6.2,0.55,NA,NA,NA
758,A5,NA,2012-03-22T00:00:00Z,4.66,G2,NA,0.68,0.2,1.19,2.54,0.04,0.37,0.01,0.02,0.02,0.42,3.66,2.33,5.27,0.91,NA,NA,NA
797,A5,NA,2012-04-24T00:00:00Z,4.68,G2,NA,0.6,0.17,1.01,2.64,0.04,0.35,0.01,0.02,0.03,0.46,1.84,2.34,6.1,0.59,NA,NA,NA
825,A5,NA,2012-08-10T00:00:00Z,4.65,G2,NA,0.65,0.17,1.02,2.45,0.08,0.38,0.01,0.05,0.06,0.27,0.11,3.41,7.25,0.2,NA,NA,NA
826,A5,NA,2012-08-10T00:00:00Z,4.65,G2,NA,0.65,0.17,1.02,2.45,0.08,0.38,0.01,0.05,0.06,0.27,0.11,3.41,7.25,0.2,NA,NA,NA
894,A5,10:10:00,2012-10-30T00:00:00Z,4.82,G2,NA,0.63,0.16,1.01,2.76,0.09,0.34,0.01,0.02,0.01,0.55,0.16,3.03,8.06,0.28,0.016,0.593,0.255
1104,A5,09:30:00,2013-03-12T00:00:00Z,4.74,G2,NA,0.62,0.17,0.99,2.56,0.04,0.34,0.01,0.02,0.09,0.58,3.01,2.52,5.36,0.81,0.003,0.692,NA
1103,A5,09:30:00,2013-03-12T00:00:00Z,4.67,G2,NA,0.61,0.16,0.99,2.39,0.02,0.28,0.01,0.02,0.07,0.6,2.84,2.39,5.2,0.76,0.003,0.695,NA
1195,A5,10:24:00,2013-03-13T00:00:00Z,4.7,G2,NA,0.64,0.17,1.11,2.65,0.05,0.35,0.01,0.05,0.05,0.58,2.39,2.69,6.6,0.7,0.003,0.683,0.214
1637,A5,NA,2013-04-01T00:00:00Z,4.74,G2,NA,0.66,0.18,1.12,2.7,0.12,0.35,0.01,0.02,0.05,0.57,2.09,2.35,6.15,0.67,0.003,0.746,NA
1914,A5,NA,2013-04-11T00:00:00Z,NA,G2,NA,0.65,0.18,1.14,2.5,0.06,0.34,0.01,0.02,0.08,0.56,2.23,2.32,6.25,0.64,0.003,0.708,NA
2396,A5,NA,2013-09-03T00:00:00Z,4.86,G2,NA,NA,NA,NA,NA,NA,NA,NA,NA,0.04,0.38,0.24,2.78,8.2,0.24,0.007,NA,NA
2461,A5,NA,2014-06-13T00:00:00Z,4.71,G2,NA,0.68,0.19,1.11,2.46,0.13,0.49,0.01,0.02,0.05,0.67,1.62,2.65,7.57,0.54,0.008,NA,NA
2501,A5,NA,2014-06-14T00:00:00Z,4.87,G2,NA,0.71,0.2,1.06,2.19,0.13,0.41,0.01,0.02,0.04,0.58,1.84,2.44,6.38,0.59,0.003,0.694,0.196
2544,A5,NA,2014-06-16T00:00:00Z,4.63,G2,NA,0.65,0.18,1.09,2.27,0.12,0.41,0.01,0.02,0.08,0.89,1.98,2.41,6.45,0.56,0.003,0.732,0.196
2589,A5,10:45:00,2014-07-16T00:00:00Z,5.28,G2,NA,0.65,0.18,1.13,2.46,0.1,0.44,0.01,0.02,0.03,0.56,1.22,2.96,7.66,0.5,0.012,0.725,0.229
2629,A5,11:50:00,2014-08-04T00:00:00Z,4.76,G2,NA,0.6,0.19,1.06,2.12,0.09,0.45,0.01,0.02,0.01,0.44,1.5,2.51,7.1,0.51,0.003,0.637,0.213
191,N2,NA,2010-03-25T00:00:00Z,4.94,G2,NA,0.47,0.05,0.48,1.27,0.16,0.18,0.09,0.01,0.02,0.28,0.56,2.02,2.69,0.26,NA,NA,NA
372,N2,NA,2010-06-28T00:00:00Z,4.67,G2,NA,0.38,0.07,0.48,1.22,0.11,0.26,0.11,0.03,0.02,0.23,0.21,2.18,3.76,0.19,NA,NA,NA
468,N2,NA,2010-09-29T00:00:00Z,4.67,G2,NA,0.41,0.05,0.54,1.27,0.2,0.23,0.08,0.02,0.05,0.3,0.72,2.65,3.15,0.28,NA,NA,NA
605,N2,NA,2011-04-07T00:00:00Z,4.66,G2,NA,0.49,0.06,0.61,1.42,0.05,0.17,0.1,0.02,0.03,0.59,1.86,2.26,1.66,0.45,NA,NA,NA
636,N2,NA,2011-04-14T00:00:00Z,4.73,G2,NA,0.42,0.05,0.56,1.12,0.11,0.16,0.09,0.02,0.01,0.36,1.35,2.34,2.17,0.36,NA,NA,NA
662,N2,NA,2011-05-24T00:00:00Z,4.75,G2,NA,0.42,0.06,0.48,1.24,0.12,0.17,0.08,0.02,0.02,0.26,0.52,2.36,2.99,0.23,NA,NA,NA
673,N2,NA,2011-08-16T00:00:00Z,4.62,G2,NA,0.52,0.05,0.54,1.53,0.21,0.19,0.07,0.02,0.01,0.22,0.8,2.21,4.14,0.33,NA,NA,NA
699,N2,11:30:00,2011-08-29T00:00:00Z,4.67,G2,NA,0.39,0.05,0.44,1.26,0.12,0.2,0.08,0.02,0.01,0.19,0.2,2.13,3.12,0.17,NA,NA,NA
741,N2,NA,2012-02-01T00:00:00Z,4.85,G2,NA,0.45,0.08,0.78,1.67,0.07,0.24,0.14,0.02,0.01,0.44,4.44,1.73,1.62,1.04,NA,NA,NA
766,N2,NA,2012-03-22T00:00:00Z,4.68,G2,NA,0.46,0.08,0.72,1.47,0.16,0.22,0.16,0.02,0.01,0.34,3.81,1.87,2.4,0.94,NA,NA,NA
791,N2,NA,2012-04-24T00:00:00Z,4.76,G2,NA,0.44,0.08,0.6,1.75,0.38,0.25,0.16,0.02,0.02,0.57,2.95,1.76,2.5,0.76,NA,NA,NA
834,N2,NA,2012-08-10T00:00:00Z,4.56,G2,NA,0.28,0.07,0.6,1.61,0.15,0.29,0.14,0.02,0.02,0.23,1.01,2.38,5.41,0.38,NA,NA,NA
861,N2,NA,2012-10-09T00:00:00Z,4.89,G2,NA,0.32,0.04,0.33,1.52,0.07,0.26,0.12,0.02,0.02,0.3,0.12,2.46,2.32,0.13,0,0.351,0.047
870,N2,NA,2012-10-22T00:00:00Z,4.66,G2,NA,NA,NA,NA,NA,NA,NA,NA,NA,0.02,0.46,0.12,2.28,2.58,0.16,0.002,0.368,0.053
897,N2,10:35:00,2012-10-30T00:00:00Z,4.76,G2,NA,0.33,0.03,0.49,1.71,0.05,0.18,0.08,0.02,0,0.43,0.6,2.06,3.08,0.27,0.002,0.399,0.066
940,N2,13:24:00,2012-11-06T00:00:00Z,4.87,G2,NA,0.38,0.03,0.52,1.54,0.14,0.22,0.1,0.02,0.02,0.64,0.4,2.18,2.21,0.25,0.003,0.325,0.039
958,N2,10:41:00,2012-12-03T00:00:00Z,4.73,G2,NA,0.6,0.17,0.29,2.31,0.62,1.47,0.03,0.02,0.02,0.66,1.96,1.91,2.77,0.56,0.003,0.51,0.064
983,N2,12:44:00,2013-01-14T00:00:00Z,4.72,G2,NA,0.8,0.17,0.07,2.47,0.53,0.85,0.01,0.02,0.05,0.29,1.58,2.75,2.22,0.42,0.003,0.047,0.029
999,N2,10:00:00,2013-01-31T00:00:00Z,4.73,G2,NA,0.4,0.05,0.57,1.5,0.12,0.21,0.12,0.02,0.02,0.41,1.86,2.03,3.66,0.66,0.02,0.419,0.085
1650,N2,NA,2013-04-01T00:00:00Z,4.72,G2,NA,0.51,0.06,0.59,1.75,0.07,0.18,0.1,0.02,0.02,0.64,1.07,1.89,2.36,0.36,0.003,0.412,NA
1924,N2,NA,2013-04-11T00:00:00Z,NA,G2,NA,0.49,0.06,0.63,1.53,0.12,0.19,0.11,0.02,0.02,0.5,1.6,1.94,2.88,0.48,0.003,0.371,NA
2150,N2,NA,2013-06-28T00:00:00Z,4.71,G2,NA,NA,NA,NA,NA,NA,NA,NA,NA,0,0.29,0.28,1.71,4.62,0.23,NA,NA,NA
2527,N2,NA,2014-06-14T00:00:00Z,4.85,G2,NA,0.7,0.08,0.64,1.43,0.14,0.23,0.11,0.02,0.03,0.63,2.36,1.83,3.07,0.6,0.003,0.484,0.054
2570,N2,NA,2014-06-16T00:00:00Z,4.73,G2,NA,0.58,0.08,0.58,1.6,0.11,0.23,0.11,0.02,0.04,0.63,1.82,2.16,2.14,0.48,0.003,0.49,0.038
712,N4,NA,2011-11-03T00:00:00Z,4.9,G2,NA,0.45,0.11,0.54,1.89,0.12,0.28,0.12,0.07,0.02,0.34,1.93,2.91,2.45,0.53,NA,NA,NA
899,N4,11:00:00,2012-10-30T00:00:00Z,4.49,G2,NA,0.39,0.06,0.63,2.13,0.1,0.21,0.12,0.07,0.01,0.53,1.58,2.14,6.24,0.52,0.006,0.457,0.164
1114,N4,10:50:00,2013-03-12T00:00:00Z,4.72,G2,NA,0.42,0.05,0.52,1.53,0.01,0.12,0.07,0.02,0.06,0.56,2.54,2.22,1,0.7,0.003,0.537,NA
1113,N4,10:50:00,2013-03-12T00:00:00Z,4.51,G2,NA,0.44,0.07,0.81,1.84,0.08,0.14,0.14,0.02,0.06,0.56,6.07,1.68,1.56,1.5,0.003,0.756,NA
1210,N4,11:45:00,2013-03-13T00:00:00Z,4.57,G2,NA,0.44,0.07,0.61,1.41,0.18,0.21,0.13,0.07,0.04,0.78,2.53,2.15,4.62,0.74,0.003,0.478,0.122
1653,N4,NA,2013-04-01T00:00:00Z,4.45,G2,NA,0.52,0.07,0.68,1.75,0.19,0.22,0.14,0.07,0.03,0.51,3,1.84,5.72,0.86,0.003,0.507,NA
1927,N4,NA,2013-04-11T00:00:00Z,NA,G2,NA,0.45,0.06,0.6,1.44,0.19,0.17,0.11,0.07,0.03,0.41,1.31,2.02,5.94,0.46,0.003,0.344,NA
2129,N4,NA,2013-06-28T00:00:00Z,4.3,G2,NA,NA,NA,NA,NA,NA,NA,NA,NA,0.02,0.25,0.54,1.33,12.12,0.45,NA,NA,NA
2414,N4,NA,2013-09-03T00:00:00Z,4.33,G2,NA,0.65,0.14,0.95,2.46,0.26,0.54,0.24,0.05,0.03,0.25,8.24,1.46,6.14,2.08,0.008,0.666,0.138
2431,N4,15:15:00,2013-11-07T00:00:00Z,4.22,G2,NA,0.67,0.1,1.08,2.72,0.2,0.32,0.15,0.07,0.03,0.45,7.51,1.53,6.97,1.44,NA,NA,NA
2488,N4,NA,2014-06-13T00:00:00Z,4.5,G2,NA,0.64,0.13,0.68,1.91,0.2,0.31,0.18,0.07,0.05,0.64,4.59,1.58,5.26,1.21,0.003,0.591,0.174
2530,N4,NA,2014-06-14T00:00:00Z,4.45,G2,NA,0.76,0.1,0.68,1.78,0.19,0.27,0.14,0.1,0.12,0.57,3.39,1.64,8.02,0.95,0.003,0.461,0.191
2573,N4,NA,2014-06-16T00:00:00Z,4.46,G2,NA,0.62,0.11,0.67,1.96,0.21,0.29,0.16,0.07,0.06,0.61,3.7,1.73,5.43,0.98,0.003,0.484,0.145
2615,N4,12:50:00,2014-07-16T00:00:00Z,4.46,G2,NA,0.56,0.11,0.63,2.2,0.15,0.36,0.14,0.07,0.03,0.49,3.09,2.05,6.12,0.94,0.027,0.479,0.152
2692,N4,12:50:00,2014-10-07T00:00:00Z,4.15,G2,NA,0.37,0.11,1.05,2.28,0.63,0.49,0.25,0.2,0.03,1.09,3.09,1.39,20.39,1.24,0.064,0.687,0.461
2693,N4,13:45:00,2014-10-07T00:00:00Z,4.17,G2,NA,0.36,0.09,0.89,2.09,0.35,0.4,0.2,0.18,0.03,0.93,2.06,1.43,17.14,0.9,0.014,0.593,0.395
2694,N4,14:50:00,2014-10-07T00:00:00Z,4.22,G2,NA,0.39,0.07,0.76,2.01,0.14,0.27,0.13,0.13,0.06,0.83,2.06,1.46,10.45,0.72,0.003,0.54,0.294
2695,N4,15:45:00,2014-10-07T00:00:00Z,4.29,G2,NA,0.39,0.06,0.69,1.82,0.09,0.23,0.12,0.1,0.05,0.77,2.37,1.69,8.29,0.71,0.006,0.535,0.235
2713,N4,08:05:00,2014-10-08T00:00:00Z,4.21,G2,NA,0.4,0.07,0.72,1.73,0.22,0.31,0.15,0.16,0.05,0.78,0.67,1.5,14.87,0.51,0.003,0.465,0.323
2714,N4,09:10:00,2014-10-08T00:00:00Z,4.21,G2,NA,0.34,0.06,0.72,1.67,0.19,0.27,0.14,0.16,0.04,0.84,0.61,1.56,13.98,0.5,0.003,0.458,0.315
2715,N4,10:10:00,2014-10-08T00:00:00Z,4.25,G2,NA,0.36,0.06,0.7,1.69,0.18,0.25,0.13,0.16,0.03,0.84,0.65,1.62,12.35,0.52,0.01,0.468,0.306
2716,N4,11:05:00,2014-10-08T00:00:00Z,4.24,G2,NA,0.35,0.06,0.7,1.74,0.17,0.23,0.13,0.15,0.02,0.83,0.71,1.64,12.04,0.46,0.003,0.449,0.292
674,N5,NA,2011-08-16T00:00:00Z,5.75,G2,x,2.17,0.52,0.2,2.28,1.06,2.13,0.38,0.13,0.02,0.38,5.37,2.77,2.03,1.27,NA,NA,NA
698,N5,11:15:00,2011-08-29T00:00:00Z,5.16,G2,x,0.73,0.15,0.08,1.69,0.53,0.64,0.28,0.02,0.02,0.27,0.42,2.58,2.01,0.17,NA,NA,NA
714,N5,NA,2011-11-03T00:00:00Z,5.22,G2,x,0.4,0.07,0.49,1.45,0.13,0.19,0.12,0.02,0.04,0.31,0.95,2.28,1.56,0.28,NA,NA,NA
742,N5,NA,2012-02-01T00:00:00Z,4.86,G2,x,0.42,0.06,0.75,1.34,0.04,0.15,0.09,0.02,0.01,0.4,3.43,2,1.36,0.81,NA,NA,NA
767,N5,NA,2012-03-22T00:00:00Z,4.77,G2,x,0.51,0.06,0.83,1.39,0.06,0.15,0.09,0.02,0.01,0.42,4.35,1.87,1.19,1.05,NA,NA,NA
783,N5,NA,2012-04-24T00:00:00Z,4.65,G2,x,0.46,0.06,0.61,1.58,0.07,0.15,0.12,0.02,0.01,0.37,2.87,1.79,1.34,0.74,NA,NA,NA
835,N5,NA,2012-08-10T00:00:00Z,4.69,G2,x,0.59,0.08,0.49,1.68,0.18,0.23,0.19,0.02,0.03,0.49,1.93,2.31,1.84,0.69,NA,NA,NA
862,N5,NA,2012-10-09T00:00:00Z,4.79,G2,x,NA,NA,NA,NA,NA,NA,NA,NA,0.03,0.36,0.18,2.53,1.91,0.19,0.007,0.451,0.041
871,N5,NA,2012-10-22T00:00:00Z,4.71,G2,x,NA,NA,NA,NA,NA,NA,NA,NA,0.04,0.41,0.15,2.5,1.98,0.14,-0.002,0.507,0.04
890,N5,12:10:00,2012-10-29T00:00:00Z,4.86,G2,x,0.38,0.03,0.41,1.53,0.06,0.16,0.09,0.02,0.01,0.38,0.2,2.52,1.78,0.13,-0.003,0.459,0.036
900,N5,10:30:00,2012-10-30T00:00:00Z,4.8,G2,x,0.33,0.02,0.44,1.43,0.06,0.16,0.08,0.02,0.01,0.44,0.15,2.24,2.04,0.14,0.005,0.462,0.039
941,N5,13:30:00,2012-11-06T00:00:00Z,4.87,G2,x,0.48,0.03,0.58,1.37,0.13,0.18,0.08,0.02,0.03,0.56,0.16,2.31,1.75,0.16,0.009,0.407,0.028
949,N5,10:44:00,2012-11-21T00:00:00Z,4.86,G2,x,0.45,0.03,0.47,1.41,0.07,0.17,0.09,0.02,0.02,0.41,0.38,2.67,1.61,0.16,0.003,0.346,0.028
959,N5,10:48:00,2012-12-03T00:00:00Z,4.82,G2,x,1.04,0.2,0.13,2.68,0.09,0.64,0.01,0.02,0.02,0.59,0.65,2.31,1.76,0.27,0.008,0.486,0.035
967,N5,10:46:00,2012-12-18T00:00:00Z,4.89,G2,x,0.39,0.03,0.56,1.32,0.07,0.14,0.07,0.02,0.02,0.66,1.26,2.19,1.67,0.37,0.003,0.468,0.039
975,N5,13:06:00,2013-01-02T00:00:00Z,4.91,G2,x,0.39,0.03,0.65,1.3,0.07,0.14,0.07,0.02,0.02,0.7,1.53,2.07,1.53,0.43,0.004,0.521,0.034
984,N5,12:52:00,2013-01-14T00:00:00Z,4.8,G2,x,0.99,0.15,0.04,2.8,0.02,0.59,0.01,0.02,0.02,0.34,0.51,3.18,0.61,0.12,0.003,0.041,0.008
992,N5,13:00:00,2013-01-28T00:00:00Z,4.82,G2,x,0.35,0.03,0.52,1.29,0.05,0.15,0.07,0.02,0.02,0.65,1.56,2.26,1.68,0.5,0.021,0.472,0.029
1000,N5,09:55:00,2013-01-31T00:00:00Z,4.81,G2,x,0.43,0.02,0.54,1.47,0.07,0.13,0.06,0.02,0.02,0.6,1.05,2.32,1.88,0.45,0.026,0.5,0.038
1009,N5,11:01:00,2013-02-13T00:00:00Z,4.84,G2,x,0.37,0.04,0.73,1.57,0.1,0.15,0.07,0.08,0.01,0.64,1.53,2.22,1.46,0.43,0.02,0.507,0.03
1305,N5,11:50:00,2013-03-13T00:00:00Z,4.87,G2,x,0.41,0.03,0.58,1.4,0.05,0.13,0.08,0.02,0.03,0.6,1.47,2.32,1.47,0.42,0.003,0.469,NA
1370,N5,NA,2013-03-27T00:00:00Z,4.94,G2,x,0.56,0.04,0.45,1.47,0.45,0.16,0.07,0.02,0.04,0.86,1.59,2.03,1.31,0.61,0.033,0.495,NA
1656,N5,NA,2013-04-01T00:00:00Z,4.85,G2,x,0.47,0.04,0.6,1.49,0.08,0.12,0.07,0.02,0.02,0.62,1.13,2.25,1.6,0.36,0.003,0.518,NA
1930,N5,NA,2013-04-11T00:00:00Z,NA,G2,x,0.48,0.05,0.63,1.51,0.1,0.14,0.08,0.02,0.02,0.62,1.65,2.27,1.42,0.43,0.003,0.527,NA
2149,N5,NA,2013-06-28T00:00:00Z,4.82,G2,x,NA,NA,NA,NA,NA,NA,NA,NA,0,0.43,0.48,1.99,1.8,0.28,NA,NA,NA
2432,N5,15:30:00,2013-11-07T00:00:00Z,4.72,G2,x,0.64,0.03,0.77,1.27,0.1,0.19,0.07,0.02,0.03,0.26,5.07,1.47,1.67,1.2,NA,NA,NA
2491,N5,NA,2014-06-13T00:00:00Z,4.77,G2,x,0.79,0.07,0.65,1.38,143.01,0.31,0.08,0.02,0.08,0.44,3.41,1.74,1.95,0.78,0.003,NA,NA
2533,N5,NA,2014-06-14T00:00:00Z,4.97,G2,x,0.57,0.07,0.67,1.61,0.1,0.17,0.08,0.02,0.05,0.63,1.63,2.02,1.74,0.43,0.003,0.529,0.029
2576,N5,NA,2014-06-16T00:00:00Z,4.82,G2,x,0.6,0.06,0.6,1.49,0.09,0.16,0.08,0.02,0.05,0.62,1.57,2.32,1.68,0.42,0.003,0.514,0.027
2719,N5,08:10:00,2014-10-08T00:00:00Z,4.83,G2,x,0.53,0.05,0.51,1.36,0.11,0.17,0.08,0.02,0.05,0.66,1.07,2.09,1.72,0.32,0.008,0.44,0.045
2720,N5,09:15:00,2014-10-08T00:00:00Z,4.83,G2,x,0.5,0.04,0.5,1.35,0.12,0.16,0.08,0.02,0.05,0.66,0.91,2.05,1.76,0.29,0.003,0.454,0.048
2721,N5,10:15:00,2014-10-08T00:00:00Z,4.88,G2,x,0.49,0.04,0.51,1.35,0.12,0.16,0.07,0.02,0.06,0.65,0.77,2.1,1.77,0.25,0.003,0.451,0.043
2722,N5,11:10:00,2014-10-08T00:00:00Z,4.91,G2,x,0.54,0.04,0.49,1.36,0.12,0.15,0.07,0.02,0.13,0.7,0.76,1.99,1.74,0.23,0.003,0.457,0.042
717,O1,NA,2011-11-04T00:00:00Z,5.56,G2,NA,0.54,0.22,0.49,3.52,0.25,1.04,0.51,2.4,0.08,0.37,0.18,2.32,7.98,0.27,NA,NA,NA
736,O1,NA,2012-02-01T00:00:00Z,5.8,G2,NA,0.62,0.22,0.24,2.83,0.21,0.93,0.39,0.19,0.08,0.37,1.27,2.97,4.29,0.44,NA,NA,NA
761,O1,NA,2012-03-22T00:00:00Z,5.15,G2,NA,0.59,0.21,0.53,2.16,0.12,0.65,0.22,0.12,0.06,0.34,2.28,2.36,5.59,0.96,NA,NA,NA
794,O1,NA,2012-04-24T00:00:00Z,4.82,G2,NA,0.56,0.19,0.7,2.61,0.09,0.48,0.14,0.1,0.04,0.36,1.07,2.37,6.96,0.42,NA,NA,NA
827,O1,NA,2012-08-10T00:00:00Z,4.22,G2,NA,0.38,0.17,1.38,2.08,0.1,0.54,0.1,0.44,0.04,0.19,0.15,1.55,28.58,0.56,NA,NA,NA
1109,O1,10:20:00,2013-03-12T00:00:00Z,4.31,G2,NA,0.64,0.24,0.63,3.4,0.04,0.37,0.26,0.21,0.1,0.48,5.12,2.46,8.41,1.35,0.003,0.451,NA
1203,O1,11:10:00,2013-03-13T00:00:00Z,4.79,G2,NA,0.58,0.19,0.77,2.37,0.12,0.42,0.14,0.18,0.05,0.66,1.69,2.6,8.6,0.58,0.006,0.482,0.237
1645,O1,NA,2013-04-01T00:00:00Z,4.88,G2,NA,0.72,0.23,0.82,2.99,0.19,0.46,0.16,0.21,0.05,0.55,2.11,2.48,8.65,0.73,0.048,0.54,NA
1919,O1,NA,2013-04-11T00:00:00Z,NA,G2,NA,0.6,0.2,0.89,2.19,0.13,0.34,0.13,0.14,0.06,0.44,1.8,2.38,9.04,0.62,0.003,0.582,NA
2417,O1,NA,2013-09-03T00:00:00Z,4.72,G2,NA,0.95,0.26,1.21,4.26,0.18,0.56,0.16,0.31,0.05,0.28,2.2,1.98,15.11,0.81,0.015,0.646,0.366
2492,O1,NA,2014-06-13T00:00:00Z,4.55,G2,NA,0.72,0.24,1.13,3.06,0.11,0.42,0.11,0.35,0.08,0.48,1.68,1.83,14.5,0.64,0.003,0.704,0.393
2534,O1,NA,2014-06-14T00:00:00Z,4.68,G2,NA,0.77,0.21,1.08,2.92,0.12,0.38,0.1,0.29,0.05,0.42,1.36,2.11,13.41,0.53,0.003,0.682,0.362
2618,O1,11:40:00,2014-07-16T00:00:00Z,4.61,G2,NA,0.73,0.23,1.02,3.66,0.1,0.41,0.11,0.29,0.07,0.39,1.26,2.27,13.77,0.55,0.003,0.743,0.423
773,P2,NA,2012-03-22T00:00:00Z,4.72,G2,NA,0.46,0.07,0.56,1.55,0.34,0.35,0.13,0.02,0.02,0.32,2.6,2.19,3.84,0.71,NA,NA,NA
804,P2,NA,2012-04-24T00:00:00Z,4.44,G2,NA,0.42,0.1,0.64,1.73,0.46,0.41,0.16,0.04,0.04,0.45,3.19,2,4.93,0.91,NA,NA,NA
830,P2,NA,2012-08-10T00:00:00Z,4.37,G2,NA,0.22,0.07,0.58,1.38,0.51,0.44,0.14,0.14,0.02,0.2,0.46,1.9,11.65,0.47,NA,NA,NA
713,Q2,NA,2011-11-03T00:00:00Z,4.96,G2,NA,1.08,0.16,0.53,2.06,0.32,0.63,0.05,0.08,0.11,0.37,0.01,2.67,5.09,0.16,NA,NA,NA
735,Q2,NA,2012-02-01T00:00:00Z,4.87,G2,NA,0.63,0.08,0.89,2.06,0.04,0.25,0.01,0.02,0.08,0.4,0.06,2.85,5.06,0.19,NA,NA,NA
764,Q2,NA,2012-03-22T00:00:00Z,4.78,G2,NA,0.63,0.09,0.92,2.09,0.02,0.19,0.01,0.02,0.03,0.35,0.32,2.9,4.56,0.21,NA,NA,NA
798,Q2,NA,2012-04-24T00:00:00Z,4.83,G2,NA,0.63,0.1,0.63,2.27,0.04,0.22,0.01,0.02,0.03,0.34,0.04,2.74,4.6,0.15,NA,NA,NA
832,Q2,NA,2012-08-10T00:00:00Z,4.59,G2,NA,0.52,0.1,1.25,1.68,0.06,0.21,0.02,0.07,0.04,0.32,0.3,1.86,10.86,0.43,NA,NA,NA
2540,Q2,NA,2014-06-14T00:00:00Z,4.88,G2,NA,0.79,0.11,1.19,1.65,0.09,0.21,0.01,0.02,0.03,0.71,0.1,2.21,7.95,0.22,0.003,0.744,0.232
2581,Q2,NA,2014-06-16T00:00:00Z,4.88,G2,NA,0.89,0.13,1.08,1.98,0.14,0.24,0.01,0.02,0.06,0.67,0.81,2.46,6.54,0.4,0.003,0.631,0.176
2623,Q2,12:15:00,2014-07-16T00:00:00Z,4.63,G2,NA,0.66,0.15,1.24,2.86,0.46,0.43,0.02,0.27,0.06,0.55,1.77,2.47,12.38,0.67,0.009,0.881,0.419
696,A7,10:25:00,2011-08-29T00:00:00Z,5.5,G3,NA,1.07,0.43,0.43,3.04,1.12,0.73,0.21,0.17,0.03,0.32,1.58,3.23,3.62,0.55,NA,NA,NA
711,A7,NA,2011-11-03T00:00:00Z,5.01,G3,NA,0.65,0.16,0.43,2.62,0.22,0.45,0.06,0.09,0.05,0.32,0.11,3.27,2.72,0.14,NA,NA,NA
740,A7,NA,2012-02-01T00:00:00Z,4.96,G3,NA,0.66,0.13,0.59,2.36,0.06,0.45,0.02,0.02,0.06,0.38,1.41,2.65,3.13,0.41,NA,NA,NA
760,A7,NA,2012-03-22T00:00:00Z,4.94,G3,NA,0.67,0.13,0.5,2.18,0.08,0.44,0.03,0.02,0.05,0.35,2.06,2.46,2.02,0.54,NA,NA,NA
805,A7,NA,2012-04-24T00:00:00Z,4.85,G3,NA,0.7,0.12,0.5,2.44,0.11,0.45,0.02,0.02,0.04,0.35,2.08,2.37,2.25,0.57,NA,NA,NA
824,A7,NA,2012-08-10T00:00:00Z,4.93,G3,NA,0.88,0.19,0.4,3.17,0.19,0.5,0.06,0.02,0.1,0.39,1.67,2.98,3.32,0.45,NA,NA,NA
2435,A7,NA,2014-06-05T00:00:00Z,4.72,G3,NA,0.87,0.18,0.78,2.31,0.08,0.57,0.01,0.02,0.05,0.46,5.51,1.76,2.54,1.35,0.009,NA,NA
2547,A7,NA,2014-06-16T00:00:00Z,4.77,G3,NA,0.88,0.18,0.78,2.46,0.09,0.59,0.01,0.02,0.09,0.5,5.35,1.9,2.73,1.24,0.003,0.579,0.06
2630,A7,12:10:00,2014-08-04T00:00:00Z,4.8,G3,NA,NA,NA,NA,NA,NA,NA,NA,NA,0.04,0.52,3.52,2.25,2.75,0.93,0.005,0.506,0.069
2638,A7,11:05:00,2014-08-08T00:00:00Z,4.81,G3,NA,0.86,0.17,0.64,2.44,0.08,0.6,0.01,0.02,0.05,0.51,4.44,2.31,2.54,1.11,0.011,0.522,0.062
2645,A7,09:50:00,2014-08-11T00:00:00Z,4.83,G3,NA,0.87,0.17,0.63,2.5,0.08,0.58,0.01,0.02,0.03,0.46,4.91,2.23,2.5,1.24,0.01,0.446,0.049
705,H4,12:50:00,2011-08-29T00:00:00Z,5.84,G3,NA,1.68,0.24,0.09,2.96,0.77,1.35,0.07,0.09,0.04,0.36,0.15,4.56,0.56,0.09,NA,NA,NA
785,H4,NA,2012-04-24T00:00:00Z,5.06,G3,NA,0.71,0.14,0.12,2.36,0.22,0.69,0.03,0.05,0.04,0.35,0.21,3.91,0.75,0.13,NA,NA,NA
843,H4,NA,2012-08-10T00:00:00Z,5.02,G3,NA,1.01,0.17,0.12,2.77,0.29,0.76,0.02,0.02,0.07,0.57,0.32,5.15,0.62,0.21,NA,NA,NA
617,JD03,NA,2011-04-08T00:00:00Z,5.9,G3,NA,0.99,0.29,0.43,3.68,0.2,0.93,0.01,0.27,0.02,0.48,0.01,3.76,1.39,0.06,NA,NA,NA
618,JD03,NA,2011-04-14T00:00:00Z,5.24,G3,NA,0.79,0.19,0.11,2.55,0.05,0.74,0.01,0.02,0.03,0.41,0.07,3.24,1.34,0.07,NA,NA,NA
643,JD03,NA,2011-05-24T00:00:00Z,5.55,G3,NA,1,0.26,0.38,3.67,0.15,0.85,0.01,0.22,0.02,0.38,0,3.45,1.06,0.04,NA,NA,NA
749,JD03,NA,2012-02-02T00:00:00Z,5.92,G3,NA,1.09,0.24,0.16,3.49,0.09,0.86,0.01,0.09,0.02,0.35,0,3.27,1.24,0.07,NA,NA,NA
757,JD03,NA,2012-03-22T00:00:00Z,5.44,G3,NA,0.95,0.21,0.07,3,0.04,0.78,0.01,0.02,0.02,0.3,0.06,2.98,0.74,0.06,NA,NA,NA
800,JD03,NA,2012-04-24T00:00:00Z,5.53,G3,NA,0.92,0.19,0.07,3.18,0.04,0.73,0.01,0.02,0.03,0.34,0.01,2.98,1.23,0.06,NA,NA,NA
823,JD03,NA,2012-08-10T00:00:00Z,5.3,G3,NA,1.12,0.21,0.26,3.26,0.08,0.74,0.01,0.13,0.04,0.25,0.02,3.22,3.34,0.24,NA,NA,NA
1102,JD03,09:10:00,2013-03-12T00:00:00Z,5.13,G3,NA,0.54,0.07,0.1,1.35,0.04,0.32,0.01,0.02,0.08,0.29,0.13,1.9,NA,NA,0.003,0.08,NA
1192,JD03,09:50:00,2013-03-13T00:00:00Z,5.51,G3,NA,0.89,0.2,0.2,2.81,0.09,0.7,0.01,0.09,0.05,0.58,0.28,2.78,1.75,0.15,0.006,0.036,0.02
1635,JD03,NA,2013-04-01T00:00:00Z,5.39,G3,NA,1,0.25,0.36,3.62,0.16,0.76,0.01,0.26,0.02,0.42,0.09,3.16,1.15,0.08,0.003,0.028,NA
12,JD15,NA,2009-07-10T00:00:00Z,5.69,G3,NA,NA,NA,NA,NA,NA,NA,NA,NA,0.02,0.21,0,2.5,2.79,0.19,NA,NA,NA
16,JD27,NA,2009-07-10T00:00:00Z,5.55,G3,NA,NA,NA,NA,NA,NA,NA,NA,NA,0.09,0.38,0,3.28,2.98,0.13,NA,NA,NA
634,K5,NA,2011-04-14T00:00:00Z,5.72,G3,x,1.2,0.33,0.34,4.58,0.44,1.58,0.01,0.22,0.03,0.34,0.42,3.82,0.22,0.1,NA,NA,NA
633,K5,NA,2011-04-14T00:00:00Z,5.65,G3,x,1,0.22,0.02,3.22,0.36,1.35,0.01,0.02,0.03,0.46,0.4,3.75,0.28,0.15,NA,NA,NA
659,K5,NA,2011-05-24T00:00:00Z,5.68,G3,x,1.24,0.33,0.4,4.63,0.52,1.5,0.01,0.27,0.03,0.39,0.37,4.01,0.31,0.1,NA,NA,NA
701,K5,12:10:00,2011-08-29T00:00:00Z,5.56,G3,x,1.21,0.28,0.19,4.52,0.6,1.44,0.01,0.14,0.03,0.28,0.77,3.35,0.75,0.17,NA,NA,NA
722,K5,NA,2011-11-04T00:00:00Z,5.78,G3,x,1.17,0.32,0.11,4.53,0.48,1.59,0.01,0.07,0.03,0.35,0.52,3.79,0.36,0.15,NA,NA,NA
745,K5,NA,2012-02-01T00:00:00Z,5.93,G3,x,1.28,0.34,0.08,4.2,0.41,1.74,0.01,0.05,0.05,0.34,0.43,3.6,0.41,0.18,NA,NA,NA
776,K5,NA,2012-03-22T00:00:00Z,5.92,G3,x,1.25,0.3,0,4.01,0.35,1.57,0.01,0.02,0.03,0.33,0.81,3.69,0.06,0.23,NA,NA,NA
792,K5,NA,2012-04-24T00:00:00Z,6.06,G3,x,1.22,0.32,0.07,4.8,0.4,1.62,0.01,0.04,0.02,0.32,0.44,3.6,0.33,0.15,NA,NA,NA
881,K5,11:35:00,2012-10-29T00:00:00Z,5.73,G3,x,1.35,0.31,0.13,4.65,0.49,1.56,0.01,0.08,0.03,0.38,0.52,3.77,0.34,0.16,0.01,0.028,0.019
904,K5,11:25:00,2012-10-30T00:00:00Z,5.71,G3,x,1.34,0.32,0.21,4.77,0.5,1.57,0.01,0.14,0.03,0.36,0.55,3.79,0.41,0.17,0.003,0.014,0.007
2457,K5,NA,2014-06-06T00:00:00Z,6.52,G3,x,1.47,0.31,0.03,4.38,0.8,1.59,0.01,0.02,0.07,0.63,0.74,3.56,1.85,0.5,0.023,NA,NA
2471,K5,NA,2014-06-13T00:00:00Z,6.38,G3,x,1.33,0.31,0,4.52,0.45,1.67,0.01,0.02,0.04,0.43,0.73,3.71,0.53,0.23,0.003,0.003,0.001
2511,K5,NA,2014-06-14T00:00:00Z,6.11,G3,x,1.3,0.27,0,4.09,0.41,1.44,0.01,0.02,0.03,0.37,0.67,3.38,0.41,0.19,0.003,0.005,0.001
2555,K5,NA,2014-06-16T00:00:00Z,6.33,G3,x,1.6,0.28,0,4.02,0.45,1.46,0.01,0.02,0.07,0.58,0.87,3.7,0.59,0.21,0.003,0.006,0.001
2598,K5,13:45:00,2014-07-16T00:00:00Z,5.83,G3,x,1.45,0.3,0,4.84,0.45,1.72,0.01,0.02,0.07,0.43,0.95,3.68,0.44,0.26,0.003,0.009,0.006
887,K9,12:00:00,2012-10-29T00:00:00Z,5.16,G3,NA,0.82,0.17,0.1,2.64,0.2,0.77,0.01,0.02,0.02,0.33,0.5,3.84,0.68,0.16,-0.001,0.08,0.012
902,K9,11:10:00,2012-10-30T00:00:00Z,5.12,G3,NA,0.82,0.17,0.09,2.67,0.18,0.76,0.01,0.02,0.03,0.32,0.49,3.86,0.71,0.14,-0.003,0.11,0.014
1117,K9,11:20:00,2013-03-12T00:00:00Z,4.85,G3,NA,0.31,0.04,0.42,2.31,0.01,0.18,0.02,0.02,0.04,0.61,1.05,1.67,1.64,0.35,0.003,0.361,NA
1217,K9,12:30:00,2013-03-13T00:00:00Z,4.9,G3,NA,0.43,0.06,0.4,1.32,0.05,0.24,0.01,0.02,0.05,0.48,1.44,2.35,1.19,0.38,0.006,0.352,0.027
1659,K9,NA,2013-04-01T00:00:00Z,5.07,G3,NA,0.57,0.09,0.25,1.77,0.12,0.6,0.02,0.02,0.04,0.34,1.72,2.22,0.67,0.45,0.003,0.217,NA
1936,K9,NA,2013-04-11T00:00:00Z,NA,G3,NA,0.59,0.12,0.3,1.83,0.15,0.55,0.01,0.02,0.05,0.43,1.69,2.38,0.75,0.43,0.003,0.173,NA
2516,K9,NA,2014-06-14T00:00:00Z,NA,G3,NA,NA,NA,NA,NA,NA,NA,NA,NA,NA,NA,NA,NA,NA,NA,NA,NA,NA
161,R16,NA,2009-07-30T00:00:00Z,5.71,G3,NA,1.13,0.24,0.67,4.07,0.3,1.11,0.01,0.47,0.03,0.25,0.27,2.96,1.95,0.16,NA,NA,NA
174,R16,NA,2009-10-25T00:00:00Z,5.22,G3,NA,0.67,0.11,0.16,2.32,0.07,0.69,0.01,0.01,0.03,0.22,0,2.73,1.75,0.07,NA,NA,NA
183,R16,NA,2009-12-03T00:00:00Z,6,G3,NA,0.73,0.12,0.22,2.57,0.08,0.69,0,0.01,0.03,0.29,0,2.6,2.04,0.08,NA,NA,NA
487,R16,NA,2010-09-30T00:00:00Z,5.36,G3,NA,1.41,0.16,0.13,3.05,0.09,0.74,0.01,0.02,0.04,0.46,0,3.96,1.65,0.1,NA,NA,NA
772,T1,NA,2012-03-22T00:00:00Z,5.36,G3,NA,0.59,0.11,0.1,2,0.04,0.48,0.01,0.02,0.04,0.34,0.35,2.15,0.82,0.13,NA,NA,NA
796,T1,NA,2012-04-24T00:00:00Z,5.37,G3,NA,0.62,0.11,0.08,2.23,0.04,0.51,0.01,0.02,0.03,0.34,0.14,2.36,0.91,0.1,NA,NA,NA
848,T1,NA,2012-08-10T00:00:00Z,4.96,G3,NA,0.68,0.15,0.41,3.47,0.14,0.62,0.02,0.22,0.04,0.36,0.81,2.64,1.28,0.19,NA,NA,NA
1129,H5,12:00:00,2013-03-12T00:00:00Z,5.89,G4,NA,1.03,0.29,0.56,3.09,0.21,0.78,0.01,0.35,0.04,0.7,0.18,3.46,1.77,0.15,0.009,0.028,NA
1128,H5,12:00:00,2013-03-12T00:00:00Z,4.91,G4,NA,0.5,0.04,0.2,1.64,0.02,0.34,0.01,0.02,0.07,0.47,0.89,2.3,1.22,0.28,0.003,0.155,NA
187,I3,NA,2010-03-25T00:00:00Z,5.12,G4,NA,1.02,0.16,0.09,2.25,0.1,0.49,0.01,0.01,0.03,0.27,0.08,2.57,1.21,0.11,NA,NA,NA
377,I3,NA,2010-06-28T00:00:00Z,5.02,G4,NA,0.85,0.19,0.2,2.42,0.11,0.73,0.01,0.02,0.03,0.28,0,2.39,3.07,0.13,NA,NA,NA
381,I3,NA,2010-07-14T00:00:00Z,4.98,G4,NA,1.09,0.21,0.1,2.71,0.16,0.82,0.02,0.02,0.07,0.4,0.05,3.53,1.51,0.12,NA,NA,NA
476,I3,NA,2010-09-30T00:00:00Z,5.12,G4,NA,1.01,0.2,0.15,2.74,0.09,0.78,0.02,0.02,0.05,0.28,0,3.09,1.71,0.09,NA,NA,NA
611,I3,NA,2011-04-08T00:00:00Z,5.14,G4,NA,0.95,0.2,0.12,2.43,0.03,0.59,0.01,0.02,0.03,0.48,0.09,3.25,1.19,0.07,NA,NA,NA
621,I3,NA,2011-04-14T00:00:00Z,5.39,G4,NA,0.73,0.16,0.17,2.02,0.1,0.5,0.01,0.02,0.03,0.37,0.38,2.83,1.91,0.16,NA,NA,NA
646,I3,NA,2011-05-24T00:00:00Z,5.02,G4,NA,0.96,0.18,0.26,2.89,0.1,0.53,0.01,0.11,0.02,0.38,0.01,2.9,1.4,0.08,NA,NA,NA
671,I3,NA,2011-08-16T00:00:00Z,5.04,G4,NA,1.04,0.22,0.15,2.63,0.21,0.87,0.02,0.02,0.04,0.22,0.04,4.11,2.49,0.14,NA,NA,NA
188,I6,NA,2010-03-25T00:00:00Z,5.34,G4,NA,1.16,0.27,0.13,3.41,0.45,1.05,0.05,0.02,0.03,0.25,0.05,3.83,1.98,0.12,NA,NA,NA
376,I6,NA,2010-06-28T00:00:00Z,5.19,G4,NA,1.15,0.43,0.45,4.07,0.55,1.65,0.06,0.24,0.04,0.31,0.47,3.93,3.36,0.25,NA,NA,NA
382,I6,NA,2010-07-14T00:00:00Z,5.28,G4,NA,1.23,0.39,0.47,4.51,0.41,1.5,0.06,0.29,0.06,0.36,0,5.01,2.6,0.13,NA,NA,NA
460,I6,NA,2010-08-26T00:00:00Z,5.56,G4,NA,1.3,0.46,0.39,4.83,0.51,1.84,0.07,0.25,0.06,0.47,0,4.99,3.26,0.09,NA,NA,NA
477,I6,NA,2010-09-30T00:00:00Z,5.4,G4,NA,0.86,0.39,0.44,4,0.46,1.57,0.06,0.23,0.05,0.53,0.02,4.58,3.75,0.15,NA,NA,NA
612,I6,NA,2011-04-08T00:00:00Z,5.13,G4,NA,0.94,0.27,0.25,3.02,0.27,1.1,0.02,0.11,0.02,0.45,0.38,4.01,2.26,0.17,NA,NA,NA
625,I6,NA,2011-04-14T00:00:00Z,5.24,G4,NA,0.78,0.26,0.37,2.9,0.79,1.13,0.02,0.16,0.03,0.38,0.03,3.65,3.52,0.12,NA,NA,NA
650,I6,NA,2011-05-24T00:00:00Z,5.38,G4,NA,1.16,0.3,0.23,4.06,0.26,1.41,0.01,0.07,0.02,0.32,0.08,2.8,3.1,0.16,NA,NA,NA
667,I6,NA,2011-08-16T00:00:00Z,5.33,G4,NA,0.94,0.47,0.4,4.38,0.8,2.54,0.03,0.09,0.01,0.34,0.1,4.39,8.21,0.28,NA,NA,NA
1132,I6,12:20:00,2013-03-12T00:00:00Z,5.23,G4,NA,0.52,0.13,0.35,2.8,0.11,0.57,0.01,0.02,0.07,0.48,0.08,1.46,NA,NA,0.005,NA,NA
1228,I6,13:30:00,2013-03-13T00:00:00Z,4.47,G4,NA,0.73,0.21,0.29,2.76,0.18,1.03,0.01,0.1,0.05,0.68,0.65,2.84,4.11,0.25,0.003,0.101,0.077
1673,I6,NA,2013-04-01T00:00:00Z,5.31,G4,NA,0.82,0.22,0.31,3.04,0.16,1.11,0.01,0.1,0.04,0.37,0.21,2.55,5.31,0.19,0.003,0.116,NA
11,JD14,NA,2009-07-10T00:00:00Z,4.81,G4,NA,NA,NA,NA,NA,NA,NA,NA,NA,0.04,0.27,0,2.67,2.84,0.17,NA,NA,NA
378,JD14,NA,2010-06-28T00:00:00Z,4.82,G4,NA,0.66,0.06,0.33,1.88,0.11,0.28,0.03,0.09,0.01,0.27,0.13,2.73,3.41,0.17,NA,NA,NA
604,JD14,NA,2011-04-07T00:00:00Z,4.98,G4,NA,0.68,0.12,0.4,2.09,0.08,0.4,0.02,0.14,0.05,0.45,2.03,2.56,2.21,0.52,NA,NA,NA
638,JD14,NA,2011-04-14T00:00:00Z,4.67,G4,NA,0.75,0.15,0.63,1.96,0.07,0.48,0.01,0.11,0.04,0.4,2.94,2.05,3.24,0.82,NA,NA,NA
663,JD14,NA,2011-05-24T00:00:00Z,4.94,G4,NA,0.69,0.13,0.62,2.69,0.11,0.38,0.03,0.22,0.03,0.39,1.59,2.5,2.86,0.45,NA,NA,NA
689,JD14,NA,2011-08-16T00:00:00Z,5.19,G4,NA,1.21,0.29,1.89,8.23,0.34,0.4,0.03,0.83,0.02,0.15,0.52,2.53,5.6,0.32,NA,NA,NA
1064,JD14,10:10:00,2013-03-11T00:00:00Z,4.95,G4,NA,0.68,0.1,0.5,2.08,0.1,0.41,0.02,0.11,0.09,0.62,3.73,2.27,2.43,0.94,0.006,0.339,0.058
1124,JD14,10:00:00,2013-03-12T00:00:00Z,4.99,G4,NA,0.69,0.1,0.37,1.97,0.11,0.47,0.03,0.16,0.07,0.74,3.45,2.4,2.18,0.91,0.003,0.202,NA
1123,JD14,10:00:00,2013-03-12T00:00:00Z,4.79,G4,NA,0.62,0.06,0.64,1.44,0.02,0.19,0.01,0.02,0.09,0.64,3.28,1.93,1.45,0.89,0.003,0.568,NA
1122,JD14,10:00:00,2013-03-12T00:00:00Z,4.34,G4,NA,0.74,0.12,1.44,2.99,0.02,0.29,0.01,0.06,0.1,0.4,13.11,1.26,2.82,3.09,0.003,1.006,NA
1200,JD14,11:00:00,2013-03-13T00:00:00Z,4.61,G4,NA,0.69,0.15,0.95,2.09,0.1,0.51,0.01,0.06,0.09,0.71,7.23,1.76,2.87,1.69,0.003,0.767,0.095
1380,JD14,NA,2013-03-27T00:00:00Z,5.31,G4,NA,0.72,0.1,0.08,2.03,0.11,0.53,0.03,0.09,0.07,0.52,3.28,2.12,NA,NA,NA,0.172,NA
1641,JD14,NA,2013-04-01T00:00:00Z,4.77,G4,NA,0.72,0.13,0.76,2.06,0.13,0.41,0.01,0.06,0.03,0.48,6.03,1.51,2.51,1.44,0.003,0.692,NA
676,K8,NA,2011-08-16T00:00:00Z,5.89,G4,NA,2.45,0.72,0.8,6.84,1.34,2.95,0.28,0.62,0.03,0.73,2.05,3.9,1.23,0.58,NA,NA,NA
886,K8,11:23:00,2012-10-29T00:00:00Z,5.44,G4,NA,1.14,0.29,0.57,4.02,0.42,1.26,0.02,0.38,0.03,0.4,0.04,3.11,0.94,0.08,0.079,0.123,0.108
905,K8,11:30:00,2012-10-30T00:00:00Z,5.43,G4,NA,1.2,0.26,0.26,3.89,0.29,1.31,0.01,0.18,0.07,0.41,0.05,3.08,0.92,0.1,0.012,0.021,0.014
1075,K8,11:30:00,2013-03-11T00:00:00Z,5.76,G4,NA,1.68,0.85,3.58,NA,1.94,1.5,0.06,2.57,0.06,0.43,0.39,3.79,0.59,0.11,0.003,0.011,0.009
1120,K8,11:20:00,2013-03-12T00:00:00Z,5.67,G4,NA,1.17,0.34,0.48,4.41,0.35,1.38,0.01,0.4,0.07,0.47,0.33,3.84,0.7,0.1,0.003,0.016,NA
1119,K8,11:30:00,2013-03-12T00:00:00Z,5.22,G4,NA,0.74,0.12,0.15,2.3,0.09,0.42,0.01,0.02,0.07,0.32,0.03,2.34,2.39,0.09,0.003,0.081,NA
1118,K8,11:30:00,2013-03-12T00:00:00Z,4.92,G4,NA,0.47,0.08,0.81,3.83,0.01,0.68,0.01,0.05,0.16,0.31,0.03,2.47,6.9,0.18,0.003,0.467,NA
1222,K8,12:35:00,2013-03-13T00:00:00Z,5.54,G4,NA,1.07,0.24,0.16,3.54,0.18,1.09,0.01,0.12,0.04,0.46,0.32,3.42,0.99,0.1,0.003,0.018,0.011
1366,K8,NA,2013-03-27T00:00:00Z,5.68,G4,NA,1.22,0.33,0.44,4.53,0.39,1.23,0.04,0.43,0.03,0.43,0.47,3.49,0.58,0.17,0.003,0.015,NA
1661,K8,NA,2013-04-01T00:00:00Z,5.56,G4,NA,1.25,0.33,0.36,4.48,0.35,1.42,0.03,0.3,0.02,0.37,0.46,3.42,0.61,0.15,0.003,0.017,NA
1933,K8,NA,2013-04-11T00:00:00Z,NA,G4,NA,1.27,0.37,0.31,4.77,0.42,1.71,0.01,0.24,0.03,0.35,1.32,3.55,0.36,0.33,0.003,0.022,NA
2121,K8,NA,2013-06-28T00:00:00Z,5.83,G4,NA,NA,NA,NA,NA,NA,NA,NA,NA,0.03,0.38,1,3.41,0.49,0.29,NA,NA,NA
2391,K8,NA,2013-08-20T00:00:00Z,6.2,G4,NA,1.79,0.32,0.08,4.95,0.71,1.73,0.06,0.08,0.05,0.46,0.87,3.61,0.75,0.29,0.016,0.008,0.004
2409,K8,NA,2013-09-03T00:00:00Z,6.04,G4,NA,1.72,0.34,0.06,5.37,0.63,1.9,0.04,0.05,0.04,0.36,0.7,3.62,0.44,0.19,0.003,0.009,0.005
2435,K8,14:25:00,2013-11-07T00:00:00Z,5.78,G4,NA,1.69,0.36,0.06,5.01,0.55,2,0.02,0.11,0.04,0.3,0.24,3.33,0.86,0.09,NA,NA,NA
2460,K8,NA,2014-06-06T00:00:00Z,5.84,G4,NA,1.35,0.29,0.03,4.64,0.37,1.67,0.01,0.02,0.04,0.42,0.5,3.5,0.48,0.2,0.003,NA,NA
2474,K8,NA,2014-06-13T00:00:00Z,5.88,G4,NA,1.3,0.3,0.03,3.89,0.37,1.5,0.02,0.04,0.05,0.51,0.34,3.33,0.73,0.15,0.003,0.014,0.01
2514,K8,NA,2014-06-14T00:00:00Z,5.84,G4,NA,1.33,0.29,0.03,4.41,0.37,1.62,0.01,0.02,0.03,0.47,0.32,3.41,0.5,0.1,0.003,0.01,0.003
2558,K8,NA,2014-06-16T00:00:00Z,6.51,G4,NA,1.44,0.26,0.03,3.54,0.37,1.45,0.01,0.02,0.06,0.61,0.08,3.06,0.81,0.07,0.003,0.008,0.004
2601,K8,13:55:00,2014-07-16T00:00:00Z,5.76,G4,NA,1.56,0.32,0.04,5.01,0.46,1.96,0.03,0.06,0.05,0.45,0.19,3.62,0.5,0.12,0.003,0.03,0.023
2668,K8,10:15:00,2014-09-22T00:00:00Z,5.99,G4,NA,1.58,0.35,0.18,5.24,0.55,2.01,0.06,0.21,0.04,0.38,0.26,3.61,0.53,0.09,0.007,0.01,0.007
2669,K8,11:15:00,2014-09-22T00:00:00Z,6.06,G4,NA,1.55,0.34,0.18,5.25,0.55,1.97,0.05,0.2,0.05,0.38,0.41,3.56,0.4,0.11,0.003,0.008,0.006
2670,K8,12:13:00,2014-09-22T00:00:00Z,6.09,G4,NA,1.55,0.33,0.13,5.15,0.51,1.95,0.03,0.12,0.04,0.38,0.47,3.66,0.36,0.11,0.003,0.007,0.007
375,D1,NA,2010-06-28T00:00:00Z,4.83,G5,NA,0.76,0.2,0.46,2.66,0.14,0.97,0.08,0.07,0.02,0.28,0.12,3.2,5.71,0.22,NA,NA,NA
463,D1,NA,2010-08-26T00:00:00Z,4.95,G5,NA,1,0.19,0.36,2.93,0.12,0.72,0.02,0.09,0.06,0.41,0.05,4.32,3.14,0.15,NA,NA,NA
481,D1,NA,2010-09-30T00:00:00Z,4.69,G5,NA,0.87,0.18,0.56,3.54,0.07,0.76,0.01,0.05,0.04,0.42,0.05,4.19,7.01,0.25,NA,NA,NA
603,D1,NA,2011-04-07T00:00:00Z,4.89,G5,NA,0.7,0.17,0.33,2.36,0.08,0.51,0.01,0.05,0.05,0.45,0.46,3.28,2.29,0.16,NA,NA,NA
639,D1,NA,2011-04-14T00:00:00Z,4.91,G5,NA,0.59,0.16,0.37,1.85,0.17,0.49,0.01,0.05,0.04,0.35,1.07,2.38,3.08,0.38,NA,NA,NA
653,D1,NA,2011-05-24T00:00:00Z,4.84,G5,NA,1.05,0.22,0.17,2.98,0.07,0.8,0.01,0.08,0.04,0.39,0.02,3.64,0.43,0.05,NA,NA,NA
688,D1,NA,2011-08-16T00:00:00Z,4.74,G5,NA,0.91,0.13,0.37,2.94,0.2,0.62,0.01,0.05,0.03,0.2,0.03,4,3.88,0.13,NA,NA,NA
727,D1,NA,2011-11-07T00:00:00Z,5.05,G5,NA,0.67,0.14,0.33,2.75,0.08,0.5,0.01,0.07,0.05,0.31,0.04,3.2,2.89,0.11,NA,NA,NA
748,D1,NA,2012-02-02T00:00:00Z,5.04,G5,NA,0.76,0.16,0.29,2.45,0.05,0.51,0.01,0.02,0.04,0.3,0.53,3.1,2.12,0.19,NA,NA,NA
768,D1,NA,2012-03-22T00:00:00Z,4.91,G5,NA,0.78,0.17,0.39,2.54,0.12,0.57,0.01,0.02,0.05,0.3,1.65,2.71,2.39,0.46,NA,NA,NA
808,D1,NA,2012-04-24T00:00:00Z,4.94,G5,NA,0.73,0.17,0.3,2.85,0.33,0.54,0.01,0.02,0.02,0.56,0.99,2.57,2.63,0.33,NA,NA,NA
846,D1,NA,2012-08-10T00:00:00Z,4.98,G5,NA,0.76,0.12,0.39,2.77,0.09,0.59,0.01,0.06,0.04,0.31,0.02,3.31,5.75,0.23,NA,NA,NA
1082,D1,13:00:00,2013-03-11T00:00:00Z,5.02,G5,NA,0.8,0.18,0.41,2.85,0.11,0.46,0.01,0.13,0.06,0.49,0.67,3.21,2.43,0.21,0.005,0.175,0.059
1135,D1,13:00:00,2013-03-12T00:00:00Z,4.92,G5,NA,0.79,0.16,0.22,2.65,0.05,0.45,0.01,0.02,0.08,0.49,0.78,2.92,2.11,0.26,0.003,0.162,NA
1136,D1,13:00:00,2013-03-12T00:00:00Z,4.95,G5,NA,0.8,0.17,0.28,2.67,0.07,0.51,0.01,0.02,0.07,0.55,0.7,3.19,2.4,0.24,0.003,0.168,NA
1134,D1,13:00:00,2013-03-12T00:00:00Z,4.91,G5,NA,0.77,0.15,0.23,2.65,0.05,0.46,0.01,0.02,0.12,0.52,0.57,3.2,2.17,0.19,0.003,0.173,NA
1133,D1,13:00:00,2013-03-12T00:00:00Z,4.84,G5,NA,0.72,0.11,0.31,2.67,0.07,0.33,0.01,0.02,0.08,0.51,0.33,2.96,3.37,0.21,0.003,0.226,NA
1238,D1,14:30:00,2013-03-13T00:00:00Z,4.9,G5,NA,0.8,0.19,0.34,2.5,0.09,0.55,0.01,0.04,0.04,0.55,2.01,2.54,2.55,0.52,0.003,0.228,0.061
1238,D1,14:30:00,2013-03-13T00:00:00Z,4.9,G5,NA,0.8,0.19,0.34,2.5,0.09,0.55,0.01,0.04,0.09,0.56,2.01,2.55,2.55,0.52,0.003,0.228,NA
1318,D1,NA,2013-03-27T00:00:00Z,4.93,G5,NA,0.86,0.18,0.34,2.97,0.16,0.52,0.01,0.22,0.06,0.46,0.8,2.95,2.28,0.29,0.003,0.172,NA
1676,D1,NA,2013-04-01T00:00:00Z,4.94,G5,NA,0.8,0.19,0.37,2.85,0.08,0.5,0.01,0.08,0.03,0.43,0.93,2.77,2.33,0.31,0.003,0.189,NA
2387,D1,NA,2013-08-20T00:00:00Z,5.69,G5,NA,1.59,0.52,0.21,2.97,0.56,0.69,0.03,0.02,0.18,1.5,0.2,4.68,3.71,0.42,0.023,0.099,NA
2399,D1,NA,2013-09-03T00:00:00Z,5.05,G5,NA,1.27,0.2,0.31,3.09,0.11,0.61,0.01,0.02,0.05,0.47,0.67,3.1,3.31,0.28,0.003,0.186,0.069
2438,D1,13:50:00,2013-11-07T00:00:00Z,4.89,G5,NA,1.11,0.18,0.32,3.37,0.08,0.55,0.01,0.02,0.07,0.45,0.91,2.92,3.31,0.27,NA,NA,NA
2464,D1,NA,2014-06-13T00:00:00Z,4.9,G5,NA,0.98,0.2,0.34,2.6,0.12,0.57,0.01,0.02,0.07,0.72,1.24,2.56,2.63,0.38,0.003,0.16,0.052
2504,D1,NA,2014-06-14T00:00:00Z,5.03,G5,NA,0.9,0.21,0.31,2.47,0.12,0.53,0.01,0.02,0.05,0.51,1.2,2.61,2.7,0.37,0.003,NA,NA
2548,D1,NA,2014-06-16T00:00:00Z,4.89,G5,NA,0.88,0.19,0.34,2.51,0.12,0.5,0.01,0.02,0.08,0.58,1.21,2.64,2.84,0.36,0.003,0.234,0.06
2592,D1,11:15:00,2014-07-16T00:00:00Z,4.88,G5,NA,0.94,0.17,0.33,2.8,0.08,0.49,0.01,0.02,0.04,0.5,0.17,2.85,2.97,0.16,0.003,0.246,0.075
1130,H6,12:00:00,2013-03-12T00:00:00Z,5.05,G5,NA,0.57,0.13,0.13,3.04,0.11,0.31,0.01,0.02,0.09,0.75,0.04,1.95,2,0.08,0.003,0.079,NA
614,JD21,NA,2011-04-08T00:00:00Z,5.67,G5,NA,0.91,0.23,0.43,3.14,0.15,0.66,0.01,0.25,0.03,0.5,0.01,3.65,0.73,0.04,NA,NA,NA
627,JD21,NA,2011-04-14T00:00:00Z,5.12,G5,NA,0.89,0.2,0.06,2.38,0.03,0.71,0.01,0.02,0.02,0.46,0.13,3.65,0.5,0.07,NA,NA,NA
652,JD21,NA,2011-05-24T00:00:00Z,5.18,G5,NA,0.86,0.17,0.13,2.43,0.05,0.61,0.01,0.02,0.04,0.37,0,3.02,0.83,0.08,NA,NA,NA
685,JD21,NA,2011-08-16T00:00:00Z,5.4,G5,NA,1.28,0.27,0.19,3.39,0.18,1.06,0.01,0.11,0.02,0.45,0.15,3.18,0.95,0.07,NA,NA,NA
750,JD21,NA,2012-02-02T00:00:00Z,5.58,G5,NA,0.86,0.19,0.04,2.21,0.04,0.67,0.01,0.02,0.02,0.27,0.02,3.35,0.38,0.07,NA,NA,NA
770,JD21,NA,2012-03-22T00:00:00Z,6.32,G5,NA,1.04,0.22,0.05,2.57,0.04,0.73,0.01,0.02,0.02,0.3,0.17,3.56,0.58,0.09,NA,NA,NA
788,JD21,NA,2012-04-24T00:00:00Z,5.52,G5,NA,0.88,0.18,0.07,2.72,0.05,0.66,0.01,0.02,0.03,0.34,0,3.1,0.94,0.04,NA,NA,NA
844,JD21,NA,2012-08-10T00:00:00Z,4.85,G5,NA,0.77,0.24,0.54,2.68,0.11,0.83,0.01,0.11,0.05,0.27,0.05,2.3,8.42,0.23,NA,NA,NA
1223,JD21,13:15:00,2013-03-13T00:00:00Z,5.23,G5,NA,0.79,0.22,0.23,2.3,0.06,0.62,0.01,0.1,0.04,0.57,0.52,2.86,1.37,0.16,0.003,0.061,0.023
1312,JD21,NA,2013-03-27T00:00:00Z,5.92,G5,NA,1,0.44,1.82,5.64,0.67,0.69,0.03,1.18,0.02,0.45,0.17,3.57,1.29,0.11,0.003,0.02,NA
1667,JD21,NA,2013-04-01T00:00:00Z,5.61,G5,NA,0.94,0.28,0.61,3.21,0.17,0.74,0.01,0.37,0.02,0.4,0.14,3.21,0.88,0.07,0.003,0.03,NA
1951,JD21,NA,2013-04-11T00:00:00Z,NA,G5,NA,1.04,0.35,0.83,4.26,0.29,0.87,0.01,0.47,0.04,0.4,0.19,3.38,0.68,0.08,0.01,0.043,NA
2125,JD21,NA,2013-06-28T00:00:00Z,5.27,G5,NA,NA,NA,NA,NA,NA,NA,NA,NA,0.1,0.43,0,3.01,1,0.06,NA,NA,NA
616,JD24,NA,2011-04-08T00:00:00Z,5.39,G5,NA,1.3,0.35,0.67,4.75,0.13,0.9,0.02,0.39,0.03,0.4,0.12,3.78,2.1,0.09,NA,NA,NA
619,JD24,NA,2011-04-14T00:00:00Z,5.25,G5,NA,1.03,0.28,0.56,3.41,0.09,0.72,0.02,0.3,0.03,0.34,0.07,3.01,2.48,0.09,NA,NA,NA
644,JD24,NA,2011-05-24T00:00:00Z,5.47,G5,NA,1.28,0.47,1.8,6.26,0.47,0.93,0.04,1.16,0.03,0.35,0.01,3.22,2.66,0.09,NA,NA,NA
686,JD24,NA,2011-08-16T00:00:00Z,5.22,G5,NA,1.42,0.33,0.64,4.04,0.22,1.01,0.01,0.33,0.03,0.25,0.01,3.82,4.26,0.15,NA,NA,NA
615,JD25,NA,2011-04-08T00:00:00Z,5.63,G5,NA,1.67,0.46,0.6,5.34,0.37,1.32,0.01,0.4,0.03,0.48,0.08,4.46,1.19,0.09,NA,NA,NA
620,JD25,NA,2011-04-14T00:00:00Z,5.47,G5,NA,0.95,0.37,0.34,3.18,0.22,1.13,0.01,0.19,0.02,0.39,0,3.08,1.51,0.07,NA,NA,NA
645,JD25,NA,2011-05-24T00:00:00Z,5.63,G5,NA,1.27,0.48,0.79,4.98,0.49,1.47,0.01,0.51,0.03,0.38,0,3.54,1.35,0.05,NA,NA,NA
687,JD25,NA,2011-08-16T00:00:00Z,5.7,G5,NA,1.81,0.63,2.36,6.76,0.72,1.65,0.02,1.66,0.02,0.24,0.01,5.76,2.42,0.09,NA,NA,NA
747,JD25,NA,2012-02-02T00:00:00Z,5.97,G5,NA,1.92,0.39,0.28,5.43,0.22,1.35,0.01,0.19,0.03,0.37,0,4.39,1.05,0.06,NA,NA,NA
771,JD25,NA,2012-03-22T00:00:00Z,5.99,G5,NA,1.33,0.37,0.17,4.28,0.29,1.11,0.01,0.1,0.03,0.35,0.14,3.36,1.57,0.13,NA,NA,NA
787,JD25,NA,2012-04-24T00:00:00Z,6.12,G5,NA,1.54,0.29,0.09,4.97,0.25,0.85,0.01,0.08,0.08,0.38,0.08,3.65,1.48,0.1,NA,NA,NA
847,JD25,NA,2012-08-10T00:00:00Z,5.29,G5,NA,1.09,0.26,0.29,3.06,0.13,0.94,0.01,0.07,0.04,0.21,0,3.39,3.91,0.15,NA,NA,NA
720,K10,NA,2011-11-04T00:00:00Z,5.79,G5,NA,1.31,0.43,0.54,5.54,0.44,1.63,0.01,0.37,0.03,0.31,0.46,3.99,0.67,0.13,NA,NA,NA
752,K10,NA,2012-02-08T00:00:00Z,5.75,G5,NA,1.23,0.35,0.03,3.96,0.16,1.56,0.01,0.02,0.03,0.32,0.64,3.56,0.33,0.18,NA,NA,NA
778,K10,NA,2012-03-22T00:00:00Z,5.9,G5,NA,1.07,0.28,0.02,3.06,0.21,1.33,0.01,0.02,0.03,0.35,1.25,2.99,0.3,0.35,NA,NA,NA
790,K10,NA,2012-04-24T00:00:00Z,5.46,G5,NA,0.78,0.18,0.02,2.48,0.08,0.85,0.01,0.02,0.02,0.33,0.48,2.99,0.45,0.16,NA,NA,NA
840,K10,NA,2012-08-10T00:00:00Z,5.36,G5,NA,1.06,0.26,0.09,2.77,0.21,1.15,0.01,0.05,0.03,0.35,0.37,3.78,0.6,0.13,NA,NA,NA
888,K10,11:45:00,2012-10-29T00:00:00Z,5.47,G5,NA,1.02,0.22,0.03,3.32,0.14,0.97,0.01,0.02,0.02,0.35,0.51,3.21,0.52,0.17,0.006,0.162,0.116
901,K10,11:15:00,2012-10-30T00:00:00Z,5.37,G5,NA,1,0.22,0.03,3.31,0.12,0.97,0.01,0.02,0.02,0.36,0.5,3.16,0.55,0.15,-0.004,0.019,0.007
1116,K10,11:20:00,2013-03-12T00:00:00Z,4.83,G5,NA,0.47,0.07,0.29,1.1,0.04,0.37,0.02,0.02,0.03,0.41,1.98,2.06,0.64,0.54,0.003,0.283,NA
1215,K10,12:30:00,2013-03-13T00:00:00Z,5.42,G5,NA,0.87,0.24,0.02,2.35,0.08,1.03,0.01,0.02,0.02,0.48,1.69,2.89,0.52,0.4,0.003,0.015,0.005
1213,K10,12:30:00,2013-03-13T00:00:00Z,5.09,G5,NA,0.55,0.1,0.18,1.44,0.08,0.51,0.02,0.02,0.03,0.53,1.64,2.28,1.05,0.46,0.006,0.164,0.01
1214,K10,12:30:00,2013-03-13T00:00:00Z,5.09,G5,NA,0.55,0.1,0.15,1.33,0.05,0.45,0.02,0.02,0.03,0.53,1.19,2.29,1.14,0.3,0.006,0.14,0.012
1369,K10,NA,2013-03-27T00:00:00Z,5.16,G5,NA,0.63,0.13,0,1.73,0.09,0.58,0.02,0.02,0.03,0.51,1.97,2.44,0.42,0.49,0.003,0.081,NA
1657,K10,NA,2013-04-01T00:00:00Z,5.09,G5,NA,0.78,0.18,0.04,2.11,0.11,0.83,0.03,0.02,0.09,0.44,1.81,2.17,0.61,0.5,0.003,0.068,NA
1937,K10,NA,2013-04-11T00:00:00Z,NA,G5,NA,0.73,0.19,0.03,2.04,0.1,0.94,0.02,0.02,0.04,0.46,2.29,2.16,0.42,0.53,0.003,0.048,NA
2119,K10,NA,2013-06-27T00:00:00Z,5.42,G5,NA,NA,NA,NA,NA,NA,NA,NA,NA,0.01,0.35,0.57,3.35,0.51,0.18,NA,NA,NA
2141,K10,NA,2013-06-28T00:00:00Z,5.32,G5,NA,NA,NA,NA,NA,NA,NA,NA,NA,NA,NA,NA,NA,NA,NA,NA,NA,NA
2442,K10,NA,2014-06-05T00:00:00Z,5.38,G5,NA,1.17,0.28,0.02,3.48,0.18,1.22,0.01,0.02,0.04,0.37,1.64,3.22,0.5,0.46,0.003,NA,NA
2477,K10,NA,2014-06-13T00:00:00Z,5.68,G5,NA,1.09,0.28,0.08,2.98,0.13,0.97,0.02,0.02,0.05,0.71,1.1,3.44,0.7,0.29,0.003,NA,NA
2518,K10,NA,2014-06-14T00:00:00Z,5.56,G5,NA,1.17,0.25,0.05,3.06,0.15,0.96,0.02,0.02,0.05,0.41,1.15,3.41,0.56,0.3,0.003,0.016,0.001
2561,K10,NA,2014-06-16T00:00:00Z,6,G5,NA,1.05,0.24,0.07,2.87,0.15,0.97,0.02,0.02,0.05,0.43,1.17,3.4,0.65,0.26,0.003,0.053,0.003
2605,K10,13:30:00,2014-07-16T00:00:00Z,5.58,G5,NA,1.37,0.29,0.01,4.12,0.16,1.35,0.01,0.02,0.03,0.42,0.68,3.78,0.56,0.21,0.003,0.038,0.01
726,K11,NA,2011-11-07T00:00:00Z,5.14,G5,NA,0.87,0.13,0.17,2.77,0.13,0.59,0.02,0.02,0.05,0.34,0.17,3.43,0.73,0.09,NA,NA,NA
755,K11,NA,2012-02-08T00:00:00Z,5.12,G5,NA,0.79,0.09,0.15,2.19,0.04,0.42,0.01,0.02,0.03,0.31,0.04,3.09,0.55,0.06,NA,NA,NA
779,K11,NA,2012-03-22T00:00:00Z,5.05,G5,NA,0.87,0.1,0.12,2.33,0.06,0.47,0.01,0.02,0.04,0.31,0.14,3.1,0.39,0.09,NA,NA,NA
812,K11,NA,2012-04-24T00:00:00Z,5.14,G5,NA,0.87,0.12,0.1,2.72,0.11,0.48,0.01,0.02,0.03,0.4,0.06,3.24,0.59,0.06,NA,NA,NA
841,K11,NA,2012-08-10T00:00:00Z,4.82,G5,NA,0.65,0.09,0.37,1.77,0.14,0.38,0.01,0.02,0.04,0.3,0.29,2.69,3.27,0.22,NA,NA,NA
2446,K12,NA,2014-06-05T00:00:00Z,5.32,G5,NA,1.1,0.17,0.05,2.17,1.23,0.82,0.04,0.02,0.05,1.34,0.96,3,2.15,0.78,0.06,NA,NA
2480,K12,NA,2014-06-13T00:00:00Z,5.34,G5,NA,0.99,0.19,0.13,2.28,0.09,0.56,0.03,0.02,0.02,0.45,0.2,3.21,0.73,0.09,0.003,NA,NA
2522,K12,NA,2014-06-14T00:00:00Z,5.47,G5,NA,1.07,0.17,0.14,2.38,0.1,0.56,0.03,0.02,0.03,0.45,0.27,3.23,0.64,0.1,0.003,0.077,0.004
2565,K12,NA,2014-06-16T00:00:00Z,5.29,G5,NA,1.07,0.18,0.14,2.35,0.16,0.63,0.03,0.02,0.04,0.52,0.27,3.25,1.06,0.19,0.003,0.11,0.005
2608,K12,13:40:00,2014-07-16T00:00:00Z,5.15,G5,NA,1.01,0.16,0.14,2.59,0.05,0.62,0.02,0.02,0.02,0.42,0.02,3.16,0.75,0.09,0.003,0.151,0.011
682,K1d,NA,2011-08-16T00:00:00Z,5.94,G5,x,1.89,0.57,0,4.22,0.94,1.93,1.84,0.02,0.03,0.38,0.71,2.83,0.53,0.43,NA,NA,NA
704,K1d,12:25:00,2011-08-29T00:00:00Z,6.05,G5,x,1.94,0.61,0,4.08,0.98,1.99,3.09,0.02,0,0.3,0.22,2.42,1.19,0.3,NA,NA,NA
725,K1d,NA,2011-11-04T00:00:00Z,5.86,G5,x,1.36,0.45,0.02,4.54,0.43,1.85,0.68,0.02,0.06,0.31,0.31,3.6,0.44,0.12,NA,NA,NA
743,K1d,NA,2012-02-01T00:00:00Z,5.89,G5,x,1.3,0.38,0,3.87,0.27,1.58,0.22,0.02,0.05,0.29,0.27,3.47,0.21,0.09,NA,NA,NA
774,K1d,NA,2012-03-22T00:00:00Z,6.05,G5,x,1.5,0.38,0,4.12,0.35,1.54,0.29,0.02,0.04,0.33,0.36,3.55,0.2,0.17,NA,NA,NA
793,K1d,NA,2012-04-24T00:00:00Z,5.94,G5,x,1.21,0.33,0,4.11,0.29,1.42,0.24,0.02,0.03,0.33,0.2,3.41,0.29,0.1,NA,NA,NA
818,K1d,NA,2012-07-31T00:00:00Z,NA,G5,x,1.38,0.34,0,4.2,0.36,1.57,0.43,0.02,0.04,0.32,0.19,2.9,0.42,0.09,NA,NA,NA
837,K1d,NA,2012-08-10T00:00:00Z,5.44,G5,x,1.5,0.33,0.01,4.94,0.38,1.59,0.12,0.02,0.1,0.41,0.17,3.51,0.37,0.09,NA,NA,NA
865,K1d,NA,2012-10-09T00:00:00Z,5.47,G5,x,NA,NA,NA,NA,NA,NA,NA,NA,0.06,0.37,0.2,3.35,0.52,0.14,0.014,0.02,0.004
874,K1d,NA,2012-10-22T00:00:00Z,5.32,G5,x,NA,NA,NA,NA,NA,NA,NA,NA,0.06,0.39,0.27,3.44,0.54,0.12,0.003,0.025,-0.002
879,K1d,10:40:00,2012-10-29T00:00:00Z,5.57,G5,x,1.45,0.32,0,4.23,0.32,1.48,0.29,0.02,0.06,0.42,0.2,3.39,0.44,0.13,0.008,0.014,0.002
911,K1d,12:00:00,2012-10-30T00:00:00Z,5.6,G5,x,1.36,0.31,0,4.12,0.28,1.48,0.3,0.02,0.04,0.38,0.19,3.4,0.49,0.11,0.017,0.015,0.001
944,K1d,14:09:00,2012-11-06T00:00:00Z,5.67,G5,x,1.37,0.31,0,3.92,0.28,1.38,0.23,0.02,0.05,0.31,0.16,3.55,0.35,0.11,0.003,0.011,0.001
952,K1d,11:25:00,2012-11-21T00:00:00Z,5.73,G5,x,1.4,0.29,0.01,3.72,0.31,1.47,0.09,0.02,0.05,0.34,0.22,3.5,0.35,0.13,0.009,0.015,0
962,K1d,11:25:00,2012-12-03T00:00:00Z,5.75,G5,x,1.51,0.32,0.06,4.36,0.35,1.66,0.01,0.05,0.04,0.32,0.24,3.45,0.31,0.1,0.003,0.008,0.001
970,K1d,11:39:00,2012-12-18T00:00:00Z,5.7,G5,x,1.24,0.3,0,3.8,0.24,1.15,0.06,0.02,0.04,0.36,0.29,3.51,0.4,0.12,0.003,0.026,0.006
978,K1d,13:50:00,2013-01-02T00:00:00Z,5.78,G5,x,1.3,0.31,0,3.8,0.27,1.23,0.04,0.02,0.04,0.42,0.3,3.46,0.36,0.13,0.003,0.021,0.002
986,K1d,11:19:00,2013-01-14T00:00:00Z,5.27,G5,x,1.4,0.34,0.02,4.53,0.3,1.83,0.01,0.02,0.03,0.32,0.58,3.54,1.15,0.17,0.007,0.015,0.01
994,K1d,13:25:00,2013-01-28T00:00:00Z,5.55,G5,x,1.22,0.33,0.01,3.9,0.21,1.38,0.03,0.02,0.04,0.39,0.38,3.5,0.57,0.24,0.034,0.016,-0.002
1003,K1d,09:20:00,2013-01-31T00:00:00Z,5.57,G5,x,1.21,0.33,0.01,3.87,0.22,1.41,0.03,0.02,0.04,0.4,0.38,3.48,0.61,0.25,0.021,0.015,0.003
1011,K1d,11:34:00,2013-02-13T00:00:00Z,5.7,G5,x,1.11,0.31,0.01,3.44,0.21,1.31,0.02,0.02,0.05,0.48,0.36,3.51,0.29,0.16,0.02,0.013,0.001
1016,K1d,11:29:00,2013-02-26T00:00:00Z,5.77,G5,x,1.16,0.35,0.01,3.61,0.18,1.45,0.01,0.02,0.06,0.48,0.44,3.85,0.29,0.14,0.003,0.007,0.003
1022,K1d,11:55:00,2013-03-11T00:00:00Z,5.8,G5,x,1.15,0.34,0,3.7,0.19,1.44,0.02,0.02,0.05,0.48,0.46,3.72,0.39,0.15,0.009,0.01,NA
1306,K1d,12:40:00,2013-03-13T00:00:00Z,5.67,G5,x,1.14,0.33,0,3.58,0.19,1.4,0.02,0.02,0.04,0.46,0.48,3.78,0.48,0.13,0.005,0.011,NA
1363,K1d,NA,2013-03-27T00:00:00Z,5.73,G5,x,1.16,0.33,0,3.71,0.24,1.34,0.03,0.02,0.05,0.38,0.43,3.53,0.23,0.13,0.003,0.01,NA
1665,K1d,NA,2013-04-01T00:00:00Z,5.87,G5,x,1.15,0.33,0,3.76,0.16,1.33,0.02,0.02,0.03,0.38,0.42,3.48,0.34,0.14,0.003,0.011,NA
1931,K1d,NA,2013-04-11T00:00:00Z,NA,G5,x,1.17,0.36,0,3.83,0.2,1.4,0.03,0.02,0.02,0.42,0.47,3.69,0.31,0.15,0.003,0.01,NA
2111,K1d,NA,2013-06-27T00:00:00Z,5.6,G5,x,NA,NA,NA,NA,NA,NA,NA,NA,0.08,0.41,0.19,3.26,0.47,0.07,NA,NA,NA
2147,K1d,NA,2013-06-28T00:00:00Z,5.59,G5,x,NA,NA,NA,NA,NA,NA,NA,NA,0.03,0.45,0.19,3.21,0.6,0.16,NA,NA,NA
2388,K1d,NA,2013-08-20T00:00:00Z,6.12,G5,x,1.9,0.35,0,4.47,0.49,1.5,0.06,0.02,0.06,0.5,0.25,2.88,0.76,0.21,0.03,0.007,0.003
2405,K1d,NA,2013-09-03T00:00:00Z,6.02,G5,x,1.84,0.36,0,4.69,0.46,1.7,0.12,0.02,0.05,0.39,0.29,2.88,0.63,0.18,0.029,0.013,0.004
2456,K1d,NA,2014-06-06T00:00:00Z,5.9,G5,x,1.26,0.31,0.01,3.57,0.22,1.39,0.02,0.02,0.04,0.4,0.84,3.35,0.53,0.27,0.004,NA,NA
2470,K1d,NA,2014-06-13T00:00:00Z,6.1,G5,x,1.42,0.33,0.01,4.16,0.23,1.44,0.03,0.02,0.03,0.42,0.72,3.42,0.5,0.2,0.003,0.006,0.001
2510,K1d,NA,2014-06-14T00:00:00Z,5.84,G5,x,1.41,0.34,0.02,3.79,0.23,1.35,0.02,0.02,0.03,0.43,0.75,3.45,0.5,0.22,0.003,0.008,0
2554,K1d,NA,2014-06-16T00:00:00Z,6.18,G5,x,1.41,0.32,0.01,3.84,0.26,1.39,0.02,0.02,0.06,0.49,0.68,3.52,0.66,0.21,0.003,0.01,0.001
2597,K1d,14:15:00,2014-07-16T00:00:00Z,5.61,G5,x,1.5,0.3,0,4.46,0.23,1.49,0.04,0.02,0.05,0.5,0.41,3.4,0.5,0.16,0.003,0.012,0.005
2662,K1d,10:43:00,2014-09-22T00:00:00Z,6.01,G5,x,1.49,0.34,0.03,4.25,0.25,1.73,0.03,0.02,0.05,0.34,0.37,3.11,0.42,0.1,0.003,0.014,0.004
2663,K1d,11:50:00,2014-09-22T00:00:00Z,6.01,G5,x,1.43,0.33,0.03,4.09,0.23,1.66,0.05,0.02,0.07,0.33,0.32,2.98,0.41,0.08,0.003,0.023,0.005
2664,K1d,12:35:00,2014-09-22T00:00:00Z,5.96,G5,x,1.43,0.32,0.02,4.01,0.23,1.62,0.07,0.02,0.07,0.34,0.3,3.01,0.34,0.1,0.003,0.018,0.005
189,K1s,NA,2010-03-25T00:00:00Z,5.3,G5,NA,0.93,0.16,0.07,2.13,0.1,0.59,0.01,0.01,0.02,0.27,0.11,2.93,0.82,0.12,NA,NA,NA
379,K1s,NA,2010-06-28T00:00:00Z,5,G5,NA,1.07,0.18,0.09,2.28,0.11,0.77,0.01,0.01,0.02,0.32,0,2.88,1.24,0.07,NA,NA,NA
455,K1s,NA,2010-08-26T00:00:00Z,5.14,G5,NA,1.22,0.19,0.07,2.42,0.05,0.8,0.05,0.02,0.04,0.36,0,3.57,0.93,0.05,NA,NA,NA
469,K1s,NA,2010-09-29T00:00:00Z,4.97,G5,NA,1.34,0.17,0.1,2.28,0.23,0.74,0.04,0.02,0.04,0.3,0,3.49,0.9,0.05,NA,NA,NA
610,K1s,NA,2011-04-07T00:00:00Z,5.14,G5,NA,0.78,0.18,0.07,2.4,0.02,0.63,0.01,0.02,0.01,0.46,0.18,3.54,0.66,0.07,NA,NA,NA
628,K1s,NA,2011-04-14T00:00:00Z,5.14,G5,NA,0.62,0.16,0.08,1.73,0.02,0.59,0.01,0.02,0.02,0.37,0.78,2.94,0.74,0.19,NA,NA,NA
656,K1s,NA,2011-05-24T00:00:00Z,5.2,G5,NA,1.39,0.27,0.11,4.77,0.65,1.71,3.45,0.28,0.02,0.33,0.5,3.11,1.32,0.36,NA,NA,NA
681,K1s,NA,2011-08-16T00:00:00Z,5.05,G5,NA,0.89,0.13,0.08,1.97,0.14,0.74,0.02,0.02,0.01,0.22,0.01,2.62,1.05,0.02,NA,NA,NA
703,K1s,12:35:00,2011-08-29T00:00:00Z,4.96,G5,NA,0.61,0.12,0.09,1.8,0.08,0.68,0.02,0.02,0.01,0.19,0.01,2.34,1.67,0.05,NA,NA,NA
721,K1s,NA,2011-11-04T00:00:00Z,5.16,G5,NA,0.69,0.13,0.09,2.31,0.02,0.59,0.02,0.02,0.02,0.26,0.01,2.95,0.77,0.05,NA,NA,NA
744,K1s,NA,2012-02-01T00:00:00Z,5.28,G5,NA,0.98,0.17,0.05,2.77,0.02,0.67,0.01,0.02,0.07,0.33,0.19,3.36,0.48,0.09,NA,NA,NA
780,K1s,NA,2012-03-22T00:00:00Z,5.21,G5,NA,0.99,0.18,0.08,2.49,0.06,0.65,0.01,0.02,0.01,0.29,0.83,3.12,0.71,0.26,NA,NA,NA
789,K1s,NA,2012-04-24T00:00:00Z,5.26,G5,NA,0.9,0.16,0.05,3.1,0.03,0.61,0.01,0.02,0.02,0.38,0.12,3.21,0.77,0.09,NA,NA,NA
836,K1s,NA,2012-08-10T00:00:00Z,4.96,G5,NA,0.62,0.14,0.18,1.75,0.05,0.69,0.03,0.02,0.15,0.28,0.02,1.9,3.48,0.15,NA,NA,NA
864,K1s,NA,2012-10-09T00:00:00Z,5.29,G5,NA,NA,NA,NA,NA,NA,NA,NA,NA,0.28,0.76,0.03,3.01,2.3,0.48,0.026,0.03,0.011
873,K1s,NA,2012-10-22T00:00:00Z,5.1,G5,NA,NA,NA,NA,NA,NA,NA,NA,NA,0.03,0.33,0.03,2.99,0.85,0.05,0,0.062,0.015
878,K1s,10:45:00,2012-10-29T00:00:00Z,5.13,G5,NA,0.86,0.13,0.04,2.44,0.03,0.59,0.02,0.02,0.02,0.29,0.06,2.76,0.8,0.07,-0.001,0.041,0.013
910,K1s,12:05:00,2012-10-30T00:00:00Z,5.21,G5,NA,0.84,0.13,0.06,2.44,0.03,0.58,0.02,0.02,0,0.4,0.1,2.93,0.92,0.1,0.006,0.035,0.012
943,K1s,13:53:00,2012-11-06T00:00:00Z,5.18,G5,NA,0.79,0.13,0.06,2.21,0.02,0.55,0.02,0.02,0.02,0.4,0.05,2.78,0.69,0.08,0.003,0.036,0.01
951,K1s,11:40:00,2012-11-21T00:00:00Z,5.18,G5,NA,0.87,0.13,0.04,2.21,0.02,0.61,0.02,0.02,0.02,0.37,0.18,2.79,0.65,0.08,0.003,0.046,0.009
961,K1s,11:18:00,2012-12-03T00:00:00Z,5.23,G5,NA,0.47,0.04,0.73,1.64,0.1,0.17,0.09,0.05,0.02,0.32,0.54,2.8,0.64,0.22,0.003,0.058,0.011
969,K1s,11:29:00,2012-12-18T00:00:00Z,5.26,G5,NA,0.99,0.13,0.03,2.65,0.02,0.52,0.01,0.02,0.02,0.34,0.21,3.14,0.6,0.09,0.003,0.063,0.011
977,K1s,13:48:00,2013-01-02T00:00:00Z,5.24,G5,NA,1,0.14,0.01,2.66,0.02,0.5,0.01,0.02,0.01,0.36,0.21,3.2,0.62,0.08,0.003,0.067,0.012
987,K1s,11:29:00,2013-01-14T00:00:00Z,5.74,G5,NA,0.41,0.09,0.72,2.08,0.38,0.25,0.14,0.27,0.02,0.29,1.51,1.46,15.58,0.69,0.014,0.384,0.258
993,K1s,13:30:00,2013-01-28T00:00:00Z,5.1,G5,NA,0.98,0.15,0.04,2.75,0.02,0.56,0.01,0.02,0.02,0.37,0.29,3.25,0.77,0.22,0.013,0.068,0.008
1002,K1s,09:30:00,2013-01-31T00:00:00Z,5.17,G5,NA,0.87,0.15,0.1,2.54,0.08,0.55,0.01,0.02,0.01,0.33,0.93,2.78,1.64,0.37,0.028,0.09,0.029
1010,K1s,11:28:00,2013-02-13T00:00:00Z,5.12,G5,NA,0.93,0.17,0.08,2.69,0.01,0.56,0.01,0.02,0.03,0.41,0.33,3.37,0.57,0.11,0.016,0.051,0.009
1015,K1s,11:19:00,2013-02-26T00:00:00Z,5.51,G5,NA,1,0.19,0.08,2.84,0.02,0.65,0.01,0.02,0.01,0.48,0.34,3.57,0.65,0.11,0.003,0.026,0.009
1021,K1s,11:50:00,2013-03-11T00:00:00Z,5.22,G5,NA,0.99,0.19,0.04,2.87,0.01,0.66,0.01,0.02,0.03,0.44,0.37,3.53,0.66,0.13,0.003,0.032,NA
1304,K1s,12:40:00,2013-03-13T00:00:00Z,5.13,G5,NA,0.98,0.18,0.09,2.67,0.07,0.62,0.01,0.02,0.03,0.54,1.19,3.23,1.03,0.28,0.006,0.064,NA
1362,K1s,NA,2013-03-27T00:00:00Z,5.2,G5,NA,1.02,0.19,0,2.97,0.08,0.63,0.01,0.02,0.02,0.45,0.37,3.42,0.52,0.13,0.003,0.038,NA
1666,K1s,NA,2013-04-01T00:00:00Z,5.28,G5,NA,1,0.18,0.01,2.97,0.03,0.63,0.01,0.02,0.02,0.43,0.41,3.35,0.67,0.15,0.003,0.041,NA
1932,K1s,NA,2013-04-11T00:00:00Z,NA,G5,NA,0.95,0.2,0.1,2.7,0.09,0.64,0.01,0.02,0.02,0.41,0.96,2.94,0.73,0.26,0.003,0.033,NA
2110,K1s,NA,2013-06-27T00:00:00Z,5.76,G5,NA,NA,NA,NA,NA,NA,NA,NA,NA,0.01,0.4,0.05,2.87,0.98,0.07,NA,NA,NA
2146,K1s,NA,2013-06-28T00:00:00Z,5.07,G5,NA,NA,NA,NA,NA,NA,NA,NA,NA,0.01,0.41,0.05,2.72,0.83,0.06,NA,NA,NA
2406,K1s,NA,2013-09-03T00:00:00Z,5.72,G5,NA,1.39,0.18,0,2.71,0.09,0.92,0.03,0.02,0.02,0.29,0.12,2.67,0.98,0.1,0.003,0.023,0.009
385,K4d,NA,2010-07-14T00:00:00Z,5.29,G5,x,1.19,0.29,0.04,3.17,0.24,1.22,0.03,0.02,0.05,0.31,0,4.19,0.76,0.07,NA,NA,NA
454,K4d,NA,2010-08-26T00:00:00Z,5.56,G5,x,1.43,0.42,0.05,3.97,0.2,1.91,0.4,0.02,0.04,0.21,0.08,4.07,0.83,0.07,NA,NA,NA
471,K4d,NA,2010-09-29T00:00:00Z,5.3,G5,x,1.09,0.22,0.03,2.63,0.39,1.18,0.23,0.02,0.04,0.14,0.02,4.82,0.69,0.07,NA,NA,NA
384,K4m,NA,2010-07-14T00:00:00Z,5.15,G5,NA,1.19,0.28,0.03,3.22,0.1,1.05,0.01,0.02,0.04,0.26,0,4.28,0.68,0.03,NA,NA,NA
607,K4m,NA,2011-04-07T00:00:00Z,5.21,G5,NA,0.94,0.23,0.04,2.78,0.04,0.99,0.02,0.02,0.01,0.41,0.31,3.44,0.57,0.11,NA,NA,NA
635,K4m,NA,2011-04-14T00:00:00Z,5.11,G5,NA,0.55,0.12,0.1,1.62,0.07,0.69,0.03,0.02,0.02,0.36,1.08,2.49,0.44,0.24,NA,NA,NA
660,K4m,NA,2011-05-24T00:00:00Z,5.17,G5,NA,0.64,0.12,0.15,1.89,0.15,0.54,0.04,0.02,0.03,0.32,0.3,3.18,0.57,0.11,NA,NA,NA
675,K4m,NA,2011-08-16T00:00:00Z,5.11,G5,NA,1.32,0.18,0.07,2.69,0.2,0.99,0.01,0.02,0.02,0.19,0.02,3.39,0.68,0.04,NA,NA,NA
806,K4m,NA,2012-04-24T00:00:00Z,NA,G5,NA,1.65,0.54,0.09,6.79,0.8,2.2,1.6,2.51,NA,NA,NA,NA,NA,NA,NA,NA,NA
880,K4m,11:40:00,2012-10-29T00:00:00Z,5.2,G5,NA,0.82,0.15,0.05,2.47,0.03,0.63,0.03,0.02,0.01,0.34,0,2.98,0.57,0.05,0.002,0.048,0.009
903,K4m,11:20:00,2012-10-30T00:00:00Z,5.17,G5,NA,0.77,0.14,0.05,2.31,0.03,0.6,0.03,0.02,0.03,0.45,0,2.91,0.86,0.07,0.004,0.075,0.009
383,K4s,NA,2010-07-14T00:00:00Z,5.14,G5,NA,1.11,0.26,0.03,3.1,0.07,0.94,0.02,0.02,0.03,0.25,0,4.32,0.71,0.04,NA,NA,NA
470,K4s,NA,2010-09-29T00:00:00Z,5.26,G5,NA,1.39,0.22,0.04,2.82,0.4,1.06,0.04,0.02,0.05,0.1,0,4.19,0.69,0.06,NA,NA,NA
457,I9,NA,2010-08-26T00:00:00Z,5.71,G6,NA,1.27,0.48,0.09,4.19,0.55,1.92,0.1,0.05,0.07,0.34,0,3.23,3.83,0.18,NA,NA,NA
480,I9,NA,2010-09-30T00:00:00Z,5.24,G6,NA,1,0.39,0.59,3.5,0.44,1.33,0.07,0.38,0.04,0.42,0.39,2.89,6.21,0.34,NA,NA,NA
622,I9,NA,2011-04-14T00:00:00Z,5.36,G6,NA,0.82,0.33,0.74,3.16,0.44,0.86,0.02,0.6,0.02,0.36,0.34,2.76,2.34,0.22,NA,NA,NA
657,I9,NA,2011-05-24T00:00:00Z,5.46,G6,NA,0.79,0.14,0.09,2.47,0.05,0.63,0.01,0.02,0.03,0.37,0.04,3.28,0.66,0.05,NA,NA,NA
670,I9,NA,2011-08-16T00:00:00Z,5.46,G6,NA,1.06,0.58,1.5,5.58,0.91,1.4,0.05,1.25,0.03,0.2,0.01,2.4,5.27,0.18,NA,NA,NA
2389,I9,NA,2013-08-20T00:00:00Z,6.6,G6,NA,1.75,0.48,0.32,4.68,1.06,1.84,0.25,0.29,0.07,0.53,0.04,2.48,4.22,0.24,NA,0.026,0.016
2404,I9,NA,2013-09-03T00:00:00Z,6.45,G6,NA,1.66,0.5,0.29,4.72,0.79,1.88,0.12,0.25,0.05,0.38,0.06,2.31,4.36,0.17,0.008,0.037,0.027
2469,I9,NA,2014-06-13T00:00:00Z,6.38,G6,NA,1.36,0.37,0.23,3.41,0.53,1.52,0.05,0.17,0.09,0.65,0.11,2.09,5.07,0.17,0.003,0.063,0.056
2509,I9,NA,2014-06-14T00:00:00Z,6.2,G6,NA,1.27,0.4,0.21,3.18,0.58,1.43,0.04,0.22,0.08,0.5,0.14,2.03,4.43,0.17,0.003,0.094,0.093
2553,I9,NA,2014-06-16T00:00:00Z,6.51,G6,NA,1.38,0.45,0.45,3.91,0.72,1.54,0.03,0.52,0.14,0.97,0.11,2.45,3.35,0.14,0.003,0.07,0.068
2596,I9,15:25:00,2014-07-16T00:00:00Z,5.93,G6,NA,1.45,0.44,0.21,4.06,0.67,2,0.06,0.18,0.06,0.48,0.02,2.41,4.13,0.19,0.005,0.072,0.068
1,JD01,NA,2009-07-10T00:00:00Z,5.44,G6,NA,NA,NA,NA,NA,NA,NA,NA,NA,0.04,0.24,0,2.5,2.15,0.09,NA,NA,NA
2,JD02,NA,2009-07-10T00:00:00Z,5.6,G6,NA,NA,NA,NA,NA,NA,NA,NA,NA,0.04,0.35,0,2.99,2.4,0.12,NA,NA,NA
3,JD05,NA,2009-07-10T00:00:00Z,5.23,G6,NA,NA,NA,NA,NA,NA,NA,NA,NA,0.04,0.27,0,3.04,2.99,0.13,NA,NA,NA
2632,JD05,10:10:00,2014-08-04T00:00:00Z,5.22,G6,NA,0.79,0.24,0.3,2.68,0.06,0.65,0.01,0.02,0.07,0.43,0,2.79,3.73,0.13,0.003,0.142,0.059
2639,JD05,09:15:00,2014-08-08T00:00:00Z,5.25,G6,NA,0.78,0.24,0.27,2.73,0.08,0.63,0.01,0.02,0.06,0.43,0,2.77,3.49,0.14,0.003,0.125,0.057
2646,JD05,08:00:00,2014-08-11T00:00:00Z,5.65,G6,NA,1.15,0.23,0.27,2.53,0.08,0.64,0.01,0.02,0.03,0.47,0.02,2.82,3.87,0.14,0.02,0.125,0.055
2650,JD05,07:55:00,2014-08-12T00:00:00Z,5.8,G6,NA,0.77,0.26,0.24,2.47,0.05,0.68,0.01,0.02,0.03,0.46,0,2.85,3.73,0.12,0.008,0.094,0.049
2656,JD05,08:10:00,2014-08-13T00:00:00Z,5.65,G6,NA,0.71,0.23,0.27,2.55,0.07,0.65,0.01,0.02,0.07,0.46,0,2.54,4.29,0.19,0.007,0.122,0.055
4,JD06,NA,2009-07-10T00:00:00Z,4.91,G6,NA,NA,NA,NA,NA,NA,NA,NA,NA,0.04,0.34,0,2.44,2.67,0.18,NA,NA,NA
5,JD07,NA,2009-07-10T00:00:00Z,5.29,G6,NA,NA,NA,NA,NA,NA,NA,NA,NA,0.05,0.34,0,2.2,2.93,0.37,NA,NA,NA
6,JD08,NA,2009-07-10T00:00:00Z,5.57,G6,NA,NA,NA,NA,NA,NA,NA,NA,NA,0.03,0.29,0,2.9,1.02,0.09,NA,NA,NA
7,JD10,NA,2009-07-10T00:00:00Z,4.95,G6,NA,NA,NA,NA,NA,NA,NA,NA,NA,0.02,0.28,0,3.06,2.62,0.13,NA,NA,NA
8,JD11,NA,2009-07-10T00:00:00Z,5.11,G6,NA,NA,NA,NA,NA,NA,NA,NA,NA,0.02,0.27,0,2.94,4.83,0.13,NA,NA,NA
9,JD12,NA,2009-07-10T00:00:00Z,5.2,G6,NA,NA,NA,NA,NA,NA,NA,NA,NA,0.23,0.83,0,2.8,1.89,0.15,NA,NA,NA
10,JD13,NA,2009-07-10T00:00:00Z,5.01,G6,NA,NA,NA,NA,NA,NA,NA,NA,NA,0.02,0.28,0,2.88,1.77,0.1,NA,NA,NA
13,JD17,NA,2009-07-10T00:00:00Z,4.7,G6,NA,NA,NA,NA,NA,NA,NA,NA,NA,0.06,0.31,0,3.06,4.88,0.13,NA,NA,NA
2633,JD17,11:00:00,2014-08-04T00:00:00Z,5.06,G6,NA,0.74,0.19,0.56,2.73,0.01,0.69,0.01,0.06,0.05,0.44,0.04,2.76,5.07,0.15,0.018,0.255,0.116
2640,JD17,10:10:00,2014-08-08T00:00:00Z,5.02,G6,NA,0.78,0.21,0.52,2.78,0.02,0.72,0.01,0.07,0.04,0.44,0,3.01,4.64,0.15,0.003,0.319,0.121
2647,JD17,09:05:00,2014-08-11T00:00:00Z,5.31,G6,NA,0.93,0.21,0.35,3.03,0.04,0.76,0.01,0.18,0.03,0.47,0.05,3.12,4.39,0.16,0.006,0.192,0.108
2651,JD17,09:00:00,2014-08-12T00:00:00Z,5.13,G6,NA,0.93,0.2,0.43,3,0.03,0.76,0.01,0.06,0.04,0.46,0.04,3.35,4.16,0.13,0.003,0.229,0.103
2657,JD17,08:45:00,2014-08-13T00:00:00Z,5.13,G6,NA,0.95,0.2,0.5,3.05,0.03,0.72,0.01,0.05,0.04,0.49,0,3.37,4.59,0.15,0.003,0.284,0.119
14,JD20,NA,2009-07-10T00:00:00Z,5.06,G6,NA,NA,NA,NA,NA,NA,NA,NA,NA,0.18,0.23,0,3,67.45,0.1,NA,NA,NA
461,JD20,NA,2010-08-26T00:00:00Z,5.02,G6,NA,0.84,0.13,0.16,2.06,0.02,0.58,0.01,0.02,0.05,0.33,0,3.27,1.17,0.05,NA,NA,NA
613,JD20,NA,2011-04-08T00:00:00Z,4.9,G6,NA,0.8,0.18,0.14,2.24,0.02,0.56,0.01,0.02,0.04,0.5,0,3.69,0.85,0.03,NA,NA,NA
626,JD20,NA,2011-04-14T00:00:00Z,4.96,G6,NA,0.71,0.16,0.15,2.11,0.02,0.54,0.01,0.02,0.03,0.38,0.02,3.33,0.95,0.04,NA,NA,NA
651,JD20,NA,2011-05-24T00:00:00Z,5.04,G6,NA,1.1,0.27,0.46,3.86,0.29,1.17,0.01,0.24,0.04,0.33,0.02,3.78,2.23,0.11,NA,NA,NA
684,JD20,NA,2011-08-16T00:00:00Z,4.9,G6,NA,0.79,0.11,0.16,1.71,0.14,0.61,0.01,0.02,0.02,0.26,0.01,2.79,1.37,0.07,NA,NA,NA
15,JD23,NA,2009-07-10T00:00:00Z,4.89,G6,NA,NA,NA,NA,NA,NA,NA,NA,NA,0.02,0.25,0,2.73,1.53,0.07,NA,NA,NA
462,JD23,NA,2010-08-26T00:00:00Z,5.04,G6,NA,0.84,0.13,0.13,1.8,0.05,0.57,0.01,0.02,0.04,0.34,0,3.23,1.36,0.08,NA,NA,NA
17,JD29,NA,2009-07-10T00:00:00Z,4.84,G6,NA,NA,NA,NA,NA,NA,NA,NA,NA,0.08,0.34,0,2.62,1.5,0.07,NA,NA,NA
2634,JD29,10:25:00,2014-08-04T00:00:00Z,5.28,G6,NA,0.79,0.12,0.09,1.63,0.04,0.56,0.02,0.02,0.05,0.42,0.03,2.53,1.45,0.07,0.003,0.05,0.015
2641,JD29,09:30:00,2014-08-08T00:00:00Z,5.52,G6,NA,0.77,0.14,0.08,1.58,0.04,0.63,0.03,0.02,0.03,0.4,0,2.31,1.61,0.09,0.003,0.06,0.019
18,JD30,NA,2009-07-10T00:00:00Z,4.63,G6,NA,NA,NA,NA,NA,NA,NA,NA,NA,0.05,0.28,0,2.46,1.68,0.07,NA,NA,NA
2635,JD30,10:45:00,2014-08-04T00:00:00Z,5.01,G6,NA,0.6,0.09,0.18,1.39,0.04,0.4,0.05,0.09,0.03,0.49,0.06,2.63,1.6,0.1,0.003,0.167,0.022
2642,JD30,09:50:00,2014-08-08T00:00:00Z,5.01,G6,NA,0.69,0.1,0.18,1.47,0.03,0.42,0.03,0.02,0.02,0.47,0.06,2.59,1.53,0.11,0.003,0.18,0.024
2648,JD30,08:50:00,2014-08-11T00:00:00Z,5.16,G6,NA,0.64,0.11,0.12,1.53,0.01,0.41,0.07,0.02,0.03,0.48,0.06,2.62,1.53,0.09,0.008,0.129,0.023
2652,JD30,08:40:00,2014-08-12T00:00:00Z,4.99,G6,NA,0.65,0.11,0.17,1.48,0.02,0.41,0.04,0.02,0.02,0.48,0.05,2.67,1.68,0.09,0.005,0.161,0.024
2658,JD30,08:40:00,2014-08-13T00:00:00Z,5.07,G6,NA,0.63,0.12,0.2,1.37,0.05,0.41,0.03,0.02,0.02,0.54,0.24,2.5,1.69,0.16,0.003,0.151,0.025
19,JD31,NA,2009-07-10T00:00:00Z,4.62,G6,NA,NA,NA,NA,NA,NA,NA,NA,NA,0.06,0.27,0,2.39,1.86,0.08,NA,NA,NA
154,R11,NA,2009-08-28T00:00:00Z,5.83,G6,NA,1.43,0.27,0.05,4.28,0.26,1.03,0.13,0.31,0.03,0.44,0,2.52,1.43,0.08,NA,NA,NA
148,R11,NA,2009-08-29T00:00:00Z,5.71,G6,NA,1.68,0.29,0.05,4.55,0.54,1.14,0.21,0.08,0.03,0.41,0,2.98,1.59,0.15,NA,NA,NA
169,R11,NA,2009-10-25T00:00:00Z,5.21,G6,NA,1.18,0.23,0.11,3.31,0.05,0.84,0.04,0.03,0.03,0.29,0,3.11,1.98,0.07,NA,NA,NA
178,R11,NA,2009-12-03T00:00:00Z,6.16,G6,NA,1.08,0.23,0.13,3.39,0.03,0.73,0.04,0.03,0.03,0.24,0,3.06,2.08,0.06,NA,NA,NA
482,R11,NA,2010-09-30T00:00:00Z,5.13,G6,NA,1.7,0.33,0.14,3.53,0.1,1.17,0.06,0.02,0.06,0.35,0,3.17,2,0.11,NA,NA,NA
158,R12,NA,2009-08-28T00:00:00Z,5.86,G6,NA,1.27,0.22,0.08,3.59,0.15,0.9,0.22,0.05,0.04,0.36,0.02,2.77,1.74,0.17,NA,NA,NA
157,R12,NA,2009-08-29T00:00:00Z,5.44,G6,NA,1.33,0.28,0.12,3.44,0.33,1.13,0.25,0.06,0.04,0.42,0,2.84,2.86,0.13,NA,NA,NA
170,R12,NA,2009-10-25T00:00:00Z,5.57,G6,NA,0.66,0.15,0.13,2.1,0.18,0.52,0.29,0.12,0.03,0.33,0,2.52,2.12,0.09,NA,NA,NA
179,R12,NA,2009-12-03T00:00:00Z,6.27,G6,NA,0.67,0.16,0.25,2.37,0.24,0.56,0.13,0.04,0.03,0.32,0,2.35,2.33,0.08,NA,NA,NA
483,R12,NA,2010-09-30T00:00:00Z,5.19,G6,NA,1.5,0.25,0.12,2.94,0.11,0.8,0.2,0.02,0.05,0.43,0,3.83,1.88,0.11,NA,NA,NA
166,R13,NA,2009-07-30T00:00:00Z,6.61,G6,NA,1.95,0.56,0.06,4.62,0.52,2.1,0,0.01,0.1,0.33,0.05,4.01,1.76,0.05,NA,NA,NA
155,R13,NA,2009-08-28T00:00:00Z,6.4,G6,NA,1.51,0.45,0.07,3.88,0.35,1.8,0,0.01,0.07,0.27,0,3.83,1.66,0.05,NA,NA,NA
153,R13,NA,2009-08-29T00:00:00Z,6.5,G6,NA,2.36,0.75,0.03,5.37,0.8,2.89,0,0,0.1,0.45,0.2,4.65,1.02,0.14,NA,NA,NA
171,R13,NA,2009-10-25T00:00:00Z,6.15,G6,NA,0.75,0.27,0.1,2.13,0.28,1.12,0.01,0,0.07,0.3,0,2.96,2.57,0.09,NA,NA,NA
180,R13,NA,2009-12-03T00:00:00Z,6.38,G6,NA,0.84,0.3,0.13,2.11,0.27,1.24,0,0.01,0.07,0.3,0.16,2.69,2.8,0.15,NA,NA,NA
484,R13,NA,2010-09-30T00:00:00Z,5.94,G6,NA,1.6,0.43,0.09,3.53,0.32,1.65,0.01,0.02,0.06,0.39,0.24,4.42,1.52,0.13,NA,NA,NA
151,R14,NA,2009-08-28T00:00:00Z,5.51,G6,NA,0.98,0.19,0.15,2.86,0.09,0.71,0.01,0.01,0.03,0.25,0.01,3.07,2.1,0.1,NA,NA,NA
149,R14,NA,2009-08-29T00:00:00Z,5.61,G6,NA,0.96,0.19,0.13,2.6,0.15,0.7,0.01,0.01,0.02,0.31,0.21,3.05,2.23,0.23,NA,NA,NA
172,R14,NA,2009-10-25T00:00:00Z,5.34,G6,NA,0.59,0.18,0.22,1.94,0.24,0.63,0.02,0.01,0.02,0.3,0,2.68,2.96,0.09,NA,NA,NA
181,R14,NA,2009-12-03T00:00:00Z,6.16,G6,NA,0.63,0.18,0.21,1.95,0.11,0.62,0.01,0.01,0.03,0.29,0.08,2.52,2.76,0.12,NA,NA,NA
485,R14,NA,2010-09-30T00:00:00Z,5.37,G6,NA,1.04,0.17,0.16,2.4,0.07,0.61,0.01,0.02,0.03,0.36,0.08,3.58,2.14,0.13,NA,NA,NA
162,R15,NA,2009-07-30T00:00:00Z,5.82,G6,NA,0.95,0.21,0.08,2.72,0.16,1.03,0.01,0,0.03,0.29,0,2.99,2.54,0.11,NA,NA,NA
173,R15,NA,2009-10-25T00:00:00Z,5.56,G6,NA,0.72,0.19,0.13,2.22,0.12,0.81,0.01,0.01,0.04,0.29,0,2.91,2.03,0.08,NA,NA,NA
182,R15,NA,2009-12-03T00:00:00Z,6.34,G6,NA,0.68,0.16,0.13,1.99,0.14,0.68,0.01,0.01,0.04,0.3,0.07,2.79,2.16,0.13,NA,NA,NA
486,R15,NA,2010-09-30T00:00:00Z,5.4,G6,NA,1.11,0.2,0.13,2.47,0.09,0.8,0.01,0.02,0.04,0.33,0.15,3.57,2.27,0.13,NA,NA,NA
459,I7,NA,2010-08-26T00:00:00Z,5.48,G8,NA,1.23,0.68,2.21,8.08,0.99,2.66,0.08,1.21,0.08,0.32,0.36,2.1,8.9,0.33,NA,NA,NA
478,I7,NA,2010-09-30T00:00:00Z,5.37,G8,NA,1.08,0.5,0.93,5.15,0.47,2.39,0.04,0.4,0.06,0.3,0.19,1.98,11.16,0.37,NA,NA,NA
624,I7,NA,2011-04-14T00:00:00Z,5.3,G8,NA,0.89,0.3,0.29,3.13,0.38,1.4,0.01,0.09,0.03,0.27,0.63,2.76,4.12,0.24,NA,NA,NA
649,I7,NA,2011-05-24T00:00:00Z,5.41,G8,NA,1.06,0.25,0.17,3.51,0.23,1.07,0.01,0.05,0.04,0.35,0.04,2.61,2.24,0.12,NA,NA,NA
668,I7,NA,2011-08-16T00:00:00Z,5.2,G8,NA,1.13,0.47,0.53,4.72,0.38,2.29,0.02,0.17,0.04,0.17,1.11,2.07,10.7,0.55,NA,NA,NA
728,I7,NA,2011-11-07T00:00:00Z,5.72,G8,NA,1.05,0.38,0.33,4.86,0.35,1.59,0.1,0.19,0.04,0.45,0.14,3.44,2.1,0.19,NA,NA,NA
751,I7,NA,2012-02-02T00:00:00Z,5.55,G8,NA,0.95,0.43,0.07,3.13,0.29,1.97,0.01,0.02,0.03,0.32,3.47,3.44,1.47,0.81,NA,NA,NA
769,I7,NA,2012-03-22T00:00:00Z,5.61,G8,NA,1.32,0.36,0.1,4.36,0.24,1.53,0.01,0.02,0.05,0.32,0.96,3.72,2.48,0.32,NA,NA,NA
799,I7,NA,2012-04-24T00:00:00Z,5.6,G8,NA,1.18,0.34,0.22,4.76,0.25,1.64,0.01,0.05,0.04,0.39,0.32,3.3,5.88,0.25,NA,NA,NA
820,I7,NA,2012-07-31T00:00:00Z,NA,G8,NA,1.48,0.4,0.06,5.35,0.33,1.85,0.01,0.02,0.03,0.36,0.28,2.9,3.19,0.17,NA,NA,NA
845,I7,NA,2012-08-10T00:00:00Z,5.33,G8,NA,1.26,0.45,0.26,4.45,0.35,2.13,0.02,0.06,0.05,0.4,1.61,2.59,7.23,0.61,NA,NA,NA
2403,I7,NA,2013-09-03T00:00:00Z,6.08,G8,NA,1.72,0.44,0.05,6.5,0.36,1.89,0.01,0.02,0.05,0.33,0.81,1.74,4.04,0.33,0.003,0.061,0.043
2468,I7,NA,2014-06-13T00:00:00Z,6.02,G8,NA,1.62,0.42,0.26,5.61,0.45,1.86,0.01,0.02,0.05,0.34,0.23,2.53,6.2,0.26,0.003,0.099,0.083
2508,I7,NA,2014-06-14T00:00:00Z,6.12,G8,NA,1.62,0.43,0.26,4.99,0.44,1.69,0.01,0.05,0.05,0.29,0.13,2.4,6.45,0.22,0.003,NA,NA
2552,I7,NA,2014-06-16T00:00:00Z,5.89,G8,NA,1.48,0.34,0.17,4.83,0.45,1.45,0.01,0.02,0.1,0.47,0.05,2.55,4.2,0.18,0.003,0.069,0.052
2595,I7,15:00:00,2014-07-16T00:00:00Z,5.38,G8,NA,1.44,0.44,0.73,5.57,0.45,2.21,0.02,0.13,0.09,0.27,0.1,1.44,18.24,0.51,0.01,0.337,0.302
458,I8,NA,2010-08-26T00:00:00Z,5.35,G8,NA,1.37,0.37,0.52,4.73,0.27,1.27,0.03,0.27,0.05,0.3,0,2.65,3.4,0.09,NA,NA,NA
479,I8,NA,2010-09-30T00:00:00Z,5.27,G8,NA,1.34,0.35,0.41,4.28,0.23,1.27,0.02,0.19,0.04,0.38,0.05,2.78,4.07,0.19,NA,NA,NA
623,I8,NA,2011-04-14T00:00:00Z,5.27,G8,NA,0.86,0.24,0.2,2.78,0.13,0.85,0.01,0.07,0.02,0.36,0.21,3.22,2.24,0.11,NA,NA,NA
648,I8,NA,2011-05-24T00:00:00Z,5.33,G8,NA,1.01,0.55,1.69,5.76,0.93,1.06,0.03,1.43,0.03,0.35,0.05,2.73,2.61,0.11,NA,NA,NA
669,I8,NA,2011-08-16T00:00:00Z,5.11,G8,NA,1.2,0.33,0.43,3.87,0.28,1.25,0.01,0.2,0.02,0.2,0.02,2.74,4.44,0.14,NA,NA,NA
452,K6d,NA,2010-08-26T00:00:00Z,7.48,G8,x,5.33,1.82,2.39,10.17,2.49,5.12,2.86,2.61,NA,NA,NA,NA,NA,NA,NA,NA,NA
473,K6d,NA,2010-09-29T00:00:00Z,7.22,G8,x,4.15,1.42,0.06,6.67,1.67,5.63,3.52,0.62,0.21,0.59,0.03,4.17,2.31,0.32,NA,NA,NA
609,K6d,NA,2011-04-07T00:00:00Z,6.83,G8,x,3.4,1.41,0.56,7.82,1.93,5.69,1.98,0.8,0.14,0.8,0.32,4.8,1.58,0.5,NA,NA,NA
630,K6d,NA,2011-04-14T00:00:00Z,6.6,G8,x,2.44,1,0.49,7.73,1.46,4.12,1.02,0.45,0.09,0.43,0.48,4.39,0.62,0.2,NA,NA,NA
655,K6d,NA,2011-05-24T00:00:00Z,6.7,G8,x,2.45,1.01,0.52,7.95,1.48,4.02,1.07,0.53,0.03,0.34,0.52,4.34,0.54,0.23,NA,NA,NA
680,K6d,NA,2011-08-16T00:00:00Z,6.9,G8,x,3.01,1.05,0.07,8.98,1.58,4.7,1.15,0.1,0.08,0.43,0.44,4.19,0.99,0.22,NA,NA,NA
883,K6d,10:55:00,2012-10-29T00:00:00Z,6.66,G8,x,2.25,0.69,0.37,7.4,1.43,3.39,0.09,0.35,0.07,0.63,1.3,3.61,1.68,0.57,0.015,0.045,0.016
909,K6d,11:55:00,2012-10-30T00:00:00Z,6.51,G8,x,2.43,0.77,0.19,8.84,1.26,3.63,0.2,0.24,0.05,0.48,0.8,4.17,0.86,0.27,-0.003,0.019,0.009
453,K6s,NA,2010-08-26T00:00:00Z,7.33,G8,NA,1.68,1.17,0.07,5.81,0.99,8.47,24.1,0.86,0.27,0.36,0,0.4,6.87,1.16,NA,NA,NA
472,K6s,NA,2010-09-29T00:00:00Z,7.14,G8,NA,1.78,0.68,0.08,6.59,0.79,6.23,24.98,2.36,0.18,0.36,0.04,0.88,4.69,0.94,NA,NA,NA
629,K6s,NA,2011-04-14T00:00:00Z,6.19,G8,NA,1.46,0.25,0.12,6.12,0.61,1.39,3.78,0.36,0.02,0.35,0.93,3.66,1.16,0.22,NA,NA,NA
654,K6s,NA,2011-05-24T00:00:00Z,6.79,G8,NA,0.69,0.16,0.53,2.66,0.15,0.5,0.01,0.16,0.1,0.36,0.26,3.01,2.99,0.2,NA,NA,NA
679,K6s,NA,2011-08-16T00:00:00Z,6.35,G8,NA,1.77,0.85,0.1,7.54,0.68,3.67,6.56,4.42,0.06,0.26,0.06,0.94,3.43,0.56,NA,NA,NA
723,K6s,NA,2011-11-04T00:00:00Z,6.55,G8,NA,1.13,0.37,0.06,5.3,0.4,1.97,4.42,1.25,0.06,0.52,0.02,2.03,3.13,0.44,NA,NA,NA
754,K6s,NA,2012-02-08T00:00:00Z,6.4,G8,NA,1.51,0.27,0.05,5.59,0.51,1.6,2.48,0.5,0.03,0.31,0.51,4.2,0.59,0.21,NA,NA,NA
777,K6s,NA,2012-03-22T00:00:00Z,6.35,G8,NA,1.78,0.31,0.1,7.35,0.7,1.63,1.95,0.2,0.01,0.29,0.13,4.99,0.71,0.13,NA,NA,NA
807,K6s,NA,2012-04-24T00:00:00Z,6.33,G8,NA,1.6,0.3,0.1,6.63,0.81,1.63,1.95,0.31,0.02,0.43,0.11,2.78,1.44,0.12,NA,NA,NA
817,K6s,NA,2012-07-31T00:00:00Z,NA,G8,NA,1.75,0.53,0.07,6.95,0.68,2.32,1.94,1.32,0.04,0.32,0.38,0.94,4.68,0.31,NA,NA,NA
838,K6s,NA,2012-08-10T00:00:00Z,6.11,G8,NA,1.66,0.55,0.09,6.63,0.79,2.25,1.71,2.54,0.06,0.59,0.37,1.14,4.16,0.48,NA,NA,NA
882,K6s,10:50:00,2012-10-29T00:00:00Z,6.5,G8,NA,1.87,0.53,0.13,7.33,0.65,2.47,2.16,0.54,0.05,0.39,0.03,3.08,1.83,0.27,0.181,0.03,0.017
908,K6s,11:50:00,2012-10-30T00:00:00Z,6.55,G8,NA,1.94,0.54,0.12,7.7,0.64,2.54,2.19,0.48,0.05,0.44,0.06,2.73,1.87,0.28,0.159,0.023,0.016
2390,K6s,NA,2013-08-20T00:00:00Z,6.87,G8,NA,2.78,0.44,0.14,6.13,0.98,2.46,1.19,0.46,0.07,0.57,0.25,1.88,2.53,0.42,0.112,0.024,0.011
2407,K6s,NA,2013-09-03T00:00:00Z,6.82,G8,NA,2.31,0.56,0.07,7.82,0.76,2.64,1.98,1.1,0.06,0.44,0.05,1.11,2.48,0.25,0.151,0.033,0.016
2458,K6s,NA,2014-06-06T00:00:00Z,6.63,G8,NA,1.44,0.38,0.1,5.38,0.65,1.98,1.02,0.51,0.04,0.27,0.04,2.17,3.03,0.24,0.084,NA,NA
2472,K6s,NA,2014-06-13T00:00:00Z,6.78,G8,NA,1.51,0.37,0.09,5.9,0.59,2.01,1.16,0.58,0.06,0.32,0.03,1.73,3.25,0.2,0.073,NA,NA
2512,K6s,NA,2014-06-14T00:00:00Z,6.53,G8,NA,1.55,0.37,0.08,5.59,0.58,1.93,1.2,0.54,0.06,0.32,0.07,1.63,3.4,0.18,0.063,0.035,0.025
2556,K6s,NA,2014-06-16T00:00:00Z,6.69,G8,NA,2.21,0.35,0.07,4.92,0.65,1.78,1.13,0.62,0.09,0.64,0.02,1.79,3.41,0.19,0.061,0.027,0.022
2599,K6s,14:10:00,2014-07-16T00:00:00Z,6.26,G8,NA,2.72,0.49,0.08,7.25,0.68,2.61,1.46,1.03,0.05,0.36,0.06,1.6,3,0.23,0.084,0.045,0.038
2665,K6S,10:30:00,2014-09-22T00:00:00Z,6.9,G8,NA,1.57,0.56,0.11,6.01,0.47,2.81,1.66,1.31,0.07,0.33,0.03,2.13,2.14,0.23,0.149,0.025,0.018
2666,K6S,11:45:00,2014-09-22T00:00:00Z,6.62,G8,NA,1.64,0.57,0.1,6.03,0.46,2.89,1.72,1.51,0.09,0.33,0.03,2.15,2.19,0.25,0.131,0.022,0.016
2667,K6S,12:25:00,2014-09-22T00:00:00Z,7.05,G8,NA,1.66,0.57,0.09,6.04,0.47,2.97,1.77,1.51,0.08,0.36,0.05,2.1,2.39,0.29,0.166,0.021,0.016
2679,K6S,13:05:00,2014-10-07T00:00:00Z,6.16,G8,NA,1.71,0.59,0.06,6.3,0.51,3.22,2.13,1.53,0.07,0.85,0.07,2.77,2.62,0.29,0.165,0.037,0.03
2680,K6S,14:00:00,2014-10-07T00:00:00Z,6.63,G8,NA,1.63,0.54,0.05,6.05,0.47,2.94,2.02,1.46,0.09,0.79,0.06,3.09,2.63,0.27,0.154,0.031,0.025
2681,K6S,15:20:00,2014-10-07T00:00:00Z,6.57,G8,NA,1.59,0.52,0.08,5.93,0.47,2.92,2.14,1.44,0.08,0.81,0.15,3.21,3.15,0.33,0.139,0.035,0.03
2682,K6s,16:20:00,2014-10-07T00:00:00Z,6.9,G8,NA,1.64,0.55,0.06,6.13,0.51,3.03,2.11,1.52,0.08,0.79,0.11,3.28,3.4,0.28,0.144,0.039,0.03
2700,K6S,08:30:00,2014-10-08T00:00:00Z,6.66,G8,NA,1.67,0.56,0.05,5.99,0.48,3.03,2.14,1.16,0.09,0.82,0.13,2.78,3.08,0.3,0.15,0.039,0.033
2701,K6S,09:30:00,2014-10-08T00:00:00Z,6.56,G8,NA,1.69,0.57,0.05,5.99,0.48,3.1,2.21,1.22,0.09,0.88,0.13,3.15,3,0.27,0.136,0.036,0.03
2702,K6S,10:40:00,2014-10-08T00:00:00Z,6.86,G8,NA,1.72,0.59,0.06,5.99,0.51,3.22,2.33,1.21,0.08,0.94,0.14,3.26,3.56,0.27,0.136,0.039,0.033
2703,K6S,11:35:00,2014-10-08T00:00:00Z,6.86,G8,NA,1.69,0.58,0.06,5.94,0.51,3.2,2.4,1.35,0.09,0.89,0.15,3.16,3.67,0.26,0.118,0.037,0.03
451,K7d,NA,2010-08-25T00:00:00Z,5.88,G8,x,1.82,0.41,0.42,6.93,0.71,1.95,0.02,0.26,0.05,0.41,0.98,5.22,0.6,0.3,NA,NA,NA
475,K7d,NA,2010-09-29T00:00:00Z,5.95,G8,x,1.71,0.6,0.05,5.49,0.85,3.36,0.24,0.02,0.04,0.31,0.39,4.39,0.41,0.18,NA,NA,NA
608,K7d,NA,2011-04-07T00:00:00Z,5.92,G8,x,1.48,0.4,0.18,5.37,0.42,2.11,0.01,0.13,0.02,0.31,0.45,4.21,0.19,0.1,NA,NA,NA
632,K7d,NA,2011-04-14T00:00:00Z,5.95,G8,x,1.45,0.39,0.23,5.34,0.43,2.02,0.01,0.16,0.02,0.32,0.51,4.17,0.19,0.12,NA,NA,NA
657,K7d,NA,2011-05-24T00:00:00Z,6.07,G8,x,1.63,0.45,0.66,6.64,0.65,2.1,0.01,0.46,0.03,0.3,0.73,4.27,0.27,0.21,NA,NA,NA
678,K7d,NA,2011-08-16T00:00:00Z,5.84,G8,x,1.68,0.46,0.12,6.17,0.67,2.53,0.01,0.08,0.01,0.29,0.62,4.25,0.35,0.14,NA,NA,NA
884,K7d,11:18:00,2012-10-29T00:00:00Z,6.31,G8,x,1.78,0.37,0.07,6.13,0.58,2.14,0.01,0.05,0.02,0.58,0.99,4.15,0.45,0.33,0.027,0.011,0.007
906,K7d,11:40:00,2012-10-30T00:00:00Z,6.01,G8,x,1.69,0.38,0.09,6.06,0.51,2.12,0.01,0.07,0.02,0.5,0.92,4.02,0.43,0.26,0.005,0.007,0.002
450,K7s,NA,2010-08-25T00:00:00Z,5.74,G8,NA,1.68,0.46,0.2,5.02,0.85,2.67,0.07,0.13,0.07,0.44,0.24,4.14,0.76,0.56,NA,NA,NA
474,K7s,NA,2010-09-29T00:00:00Z,5.52,G8,NA,1.59,0.36,0.01,4.96,0.23,2.14,0.25,0.02,0.05,0.34,0.57,4.5,0.76,0.3,NA,NA,NA
631,K7s,NA,2011-04-14T00:00:00Z,5.98,G8,NA,1.41,0.36,0,4.79,0.4,2.12,0.01,0.02,0.03,0.36,0.54,4.09,0.2,0.17,NA,NA,NA
658,K7s,NA,2011-05-24T00:00:00Z,6.02,G8,NA,1.54,0.38,0.08,5.34,0.45,2.21,0.01,0.07,0.03,0.3,0.6,4.27,0.25,0.19,NA,NA,NA
677,K7s,NA,2011-08-16T00:00:00Z,5.41,G8,NA,1.59,0.37,0.02,4.65,0.32,2.39,0.07,0.02,0.06,0.32,0.02,3.44,0.64,0.02,NA,NA,NA
724,K7s,NA,2011-11-04T00:00:00Z,5.86,G8,NA,1.29,0.39,0.05,4.91,0.47,2.31,0.01,0.02,0.03,0.32,0.13,3.87,0.56,0.05,NA,NA,NA
753,K7s,NA,2012-02-08T00:00:00Z,6.06,G8,NA,1.62,0.38,0.01,5.03,0.39,2.79,0.01,0.02,0.02,0.32,0.89,3.89,0.08,0.36,NA,NA,NA
775,K7s,NA,2012-03-22T00:00:00Z,6.07,G8,NA,1.75,0.38,0.01,5.41,0.38,2.11,0.01,0.02,0.02,0.32,0.82,3.76,0.18,0.22,NA,NA,NA
795,K7s,NA,2012-04-24T00:00:00Z,6.14,G8,NA,1.47,0.35,0,5.62,0.38,2.02,0.01,0.02,0.03,0.33,0.15,3.66,0.34,0.08,NA,NA,NA
819,K7s,NA,2012-07-31T00:00:00Z,NA,G8,NA,1.49,0.33,0.01,4.7,0.31,1.97,0.01,0.02,0.03,0.35,0.01,3.44,0.56,0.04,NA,NA,NA
839,K7s,NA,2012-08-10T00:00:00Z,5.7,G8,NA,1.53,0.33,0.02,5.25,0.31,2.03,0.02,0.02,0.05,0.37,0.3,4.09,0.6,0.04,NA,NA,NA
2394,K7s,NA,2013-08-20T00:00:00Z,5.81,G8,NA,1.97,0.36,0,4.36,0.62,2.01,0.01,0.02,0.03,0.66,0.44,3.5,0.65,0.23,0.003,0.007,0.003
2408,K7s,NA,2013-09-03T00:00:00Z,6.36,G8,NA,2.01,0.37,0.01,6.14,0.55,2.06,0.02,0.02,0.04,0.36,1.41,3.63,0.42,0.33,0.003,0.008,0.004
2459,K7s,NA,2014-06-06T00:00:00Z,6.25,G8,NA,1.58,0.37,0,5.6,0.44,2.17,0.01,0.02,0.03,0.38,1.32,3.75,0.32,0.36,0.003,NA,NA
2473,K7s,NA,2014-06-13T00:00:00Z,6.38,G8,NA,1.67,0.36,0,5.7,0.45,2.11,0.01,0.02,0.03,0.39,1.31,3.8,0.34,0.32,0.003,0.002,0
2513,K7s,NA,2014-06-14T00:00:00Z,6.29,G8,NA,1.78,0.36,0,5.45,0.43,1.99,0.01,0.02,0.03,0.36,1.33,3.76,0.3,0.32,0.003,0.007,0
2557,K7s,NA,2014-06-16T00:00:00Z,6.52,G8,NA,1.7,0.35,0.01,5.19,0.46,2.06,0.01,0.04,0.03,0.44,1.27,4.04,0.37,0.33,0.003,0.006,0.004
2600,K7s,14:00:00,2014-07-16T00:00:00Z,5.97,G8,NA,1.78,0.35,0,6.09,0.47,2.2,0.01,0.02,0.03,0.42,1.07,4.06,0.29,0.3,0.003,0.009,0.007
