Well,Cluster,HPU
A6,1,E
D1,2,Bh
H4,3,Typical
I3,3,Bimodal
I6,3,Bimodal
I7,1,Aquept
I8,1,Bh
I9,1,Bh
JD02,1,Bh
JD03,3,Typical
JD21,3,Bh
JD22,3,Typical
JD23,1,Bimodal
JD24,1,Bimodal
JD25,1,Bh
K1,1,Bh
K10,3,Bh
K11,3,Bh
K1D,1,Bh
K4D,1,Bh
K4M,1,Bh
K4S,1,Bh
K5,4,Typical
K6D,2,Aquept
K6S,2,Aquept
K7D,2,Aquept
K7S,2,Aquept
K8,3,Bimodal
K9,3,Typical
N1,1,E
N2,3,Bhs
N3,1,E
N4,3,Bhs
N5,3,Bhs
O1,1,Bhs
O2,1,E
P2,1,Bhs
Q1,1,E
Q2,1,Bhs
T1,1,Typical
A5,5,Bhs
A7,5,Typical
JD01,5,Riparian
JD04,5,Typical
JD05,5,Riparian
JD05,5,Riparian
JD06,5,Riparian
JD07,5,Riparian
JD08,5,Riparian
JD10,5,Riparian
JD11,5,Typical
JD12,5,Typical
JD13,5,Typical
JD14,5,Bimodal
JD15,5,Typical
JD16,5,Typical
JD17,5,Typical
JD17,5,Typical
JD18,5,Typical
JD19,5,Typical
JD20,5,Bh
JD26,5,Typical
JD27,5,Typical
JD28,5,Typical
JD29,5,Stream
JD30,5,Stream
JD31,5,Stream
K12,5,Bh
P1,5,E
